,PassengerId,Survived,Pclass,Sex,Age,SibSp,Parch,Fare,Cabin,Embarked
0,-1.730107956920867,0,0.8273772438659699,0.7376951317802901,-0.5657364610748746,0.4327933656785018,-0.4736736092984604,-0.5024451714361923,0.5220674465930434,0.5859541426526597
2,-1.7223321908223463,1,0.8273772438659699,-1.3555735383351195,-0.2583370877897099,-0.47454519624983954,-0.4736736092984604,-0.4888542575852486,0.5220674465930434,0.5859541426526597
4,-1.7145564247238256,0,0.8273772438659699,0.7376951317802901,0.4333115021019107,-0.47454519624983954,-0.4736736092984604,-0.4863374216869257,0.5220674465930434,0.5859541426526597
5,-1.7106685416745653,0,0.8273772438659699,0.7376951317802901,-0.10463740114712752,-0.47454519624983954,-0.4736736092984604,-0.47811642890864375,0.5220674465930434,-0.6781745283001727
9,-1.6951170094775236,1,-0.3693648410115938,-1.3555735383351195,-1.180535207645204,0.4327933656785018,-0.4736736092984604,-0.04295550208861426,0.5220674465930434,-1.942303199253005
12,-1.6834533603297426,0,0.8273772438659699,0.7376951317802901,-0.719436147717457,-0.47454519624983954,-0.4736736092984604,-0.4863374216869257,0.5220674465930434,0.5859541426526597
14,-1.6756775942312219,0,0.8273772438659699,-1.3555735383351195,-1.180535207645204,-0.47454519624983954,-0.4736736092984604,-0.4902797934380587,0.5220674465930434,0.5859541426526597
17,-1.6640139450834406,1,-0.3693648410115938,0.7376951317802901,-0.10463740114712752,-0.47454519624983954,-0.4736736092984604,-0.3866707201133388,0.5220674465930434,0.5859541426526597
18,-1.6601260620341802,0,0.8273772438659699,-1.3555735383351195,0.12591212881674602,0.4327933656785018,-0.4736736092984604,-0.2859972841804228,0.5220674465930434,0.5859541426526597
19,-1.6562381789849199,1,0.8273772438659699,-1.3555735383351195,-0.10463740114712752,-0.47454519624983954,-0.4736736092984604,-0.5029485386158568,0.5220674465930434,-1.942303199253005
20,-1.6523502959356595,0,-0.3693648410115938,0.7376951317802901,0.4333115021019107,-0.47454519624983954,-0.4736736092984604,-0.12491978668775715,0.5220674465930434,0.5859541426526597
22,-1.6445745298371388,1,0.8273772438659699,-1.3555735383351195,-1.1036853643239128,-0.47454519624983954,-0.4736736092984604,-0.4867562231804066,0.5220674465930434,-0.6781745283001727
26,-1.6290229976400974,0,0.8273772438659699,0.7376951317802901,-0.10463740114712752,-0.47454519624983954,-0.4736736092984604,-0.5029485386158568,0.5220674465930434,-1.942303199253005
28,-1.6212472315415765,1,0.8273772438659699,-1.3555735383351195,-0.10463740114712752,-0.47454519624983954,-0.4736736092984604,-0.48977642625839407,0.5220674465930434,-0.6781745283001727
29,-1.617359348492316,0,0.8273772438659699,0.7376951317802901,-0.10463740114712752,-0.47454519624983954,-0.4736736092984604,-0.4894421904510968,0.5220674465930434,0.5859541426526597
30,-1.6134714654430558,0,-1.5661069258891576,0.7376951317802901,0.8175607187083667,-0.47454519624983954,-0.4736736092984604,-0.09027201697708476,0.5220674465930434,-1.942303199253005
32,-1.605695699344535,1,0.8273772438659699,-1.3555735383351195,-0.10463740114712752,-0.47454519624983954,-0.4736736092984604,-0.49237782784290063,0.5220674465930434,-0.6781745283001727
35,-1.594032050196754,0,-1.5661069258891576,0.7376951317802901,0.9712604053509489,0.4327933656785018,-0.4736736092984604,0.39858208016340624,0.5220674465930434,0.5859541426526597
36,-1.5901441671474936,1,0.8273772438659699,0.7376951317802901,-0.10463740114712752,-0.47454519624983954,-0.4736736092984604,-0.5028639729296732,0.5220674465930434,-1.942303199253005
37,-1.5862562840982333,0,0.8273772438659699,0.7376951317802901,-0.6425863043961658,-0.47454519624983954,-0.4736736092984604,-0.4863374216869257,0.5220674465930434,0.5859541426526597
38,-1.5823684010489727,0,0.8273772438659699,-1.3555735383351195,-0.8731358343600393,1.340131927606843,-0.4736736092984604,-0.2859972841804228,0.5220674465930434,0.5859541426526597
39,-1.5784805179997123,1,0.8273772438659699,-1.3555735383351195,-1.180535207645204,0.4327933656785018,-0.4736736092984604,-0.42207354059350805,0.5220674465930434,-1.942303199253005
40,-1.574592634950452,0,0.8273772438659699,-1.3555735383351195,0.8175607187083667,0.4327933656785018,-0.4736736092984604,-0.4576454924460446,0.5220674465930434,0.5859541426526597
41,-1.5707047519011916,0,-0.3693648410115938,-1.3555735383351195,-0.1814872444684187,0.4327933656785018,-0.4736736092984604,-0.22559322262067316,0.5220674465930434,0.5859541426526597
42,-1.5668168688519313,0,0.8273772438659699,0.7376951317802901,-0.10463740114712752,-0.47454519624983954,-0.4736736092984604,-0.4894421904510968,0.5220674465930434,-1.942303199253005
44,-1.5590411027534106,1,0.8273772438659699,-1.3555735383351195,-0.7962859910387481,-0.47454519624983954,-0.4736736092984604,-0.48977642625839407,0.5220674465930434,-0.6781745283001727
45,-1.5551532197041502,0,0.8273772438659699,0.7376951317802901,-0.10463740114712752,-0.47454519624983954,-0.4736736092984604,-0.4863374216869257,0.5220674465930434,0.5859541426526597
46,-1.5512653366548899,0,0.8273772438659699,0.7376951317802901,-0.10463740114712752,0.4327933656785018,-0.4736736092984604,-0.3363340021468808,0.5220674465930434,-0.6781745283001727
47,-1.5473774536056295,1,0.8273772438659699,-1.3555735383351195,-0.10463740114712752,-0.47454519624983954,-0.4736736092984604,-0.49237782784290063,0.5220674465930434,-0.6781745283001727
48,-1.543489570556369,0,0.8273772438659699,0.7376951317802901,-0.10463740114712752,1.340131927606843,-0.4736736092984604,-0.21191774308354583,0.5220674465930434,-1.942303199253005
49,-1.5396016875071086,0,0.8273772438659699,-1.3555735383351195,-0.8731358343600393,0.4327933656785018,-0.4736736092984604,-0.29002422161773944,0.5220674465930434,0.5859541426526597
51,-1.5318259214085879,0,0.8273772438659699,0.7376951317802901,-0.6425863043961658,-0.47454519624983954,-0.4736736092984604,-0.4913710934835715,0.5220674465930434,0.5859541426526597
53,-1.5240501553100672,1,-0.3693648410115938,-1.3555735383351195,-0.027787557825836348,0.4327933656785018,-0.4736736092984604,-0.12491978668775715,0.5220674465930434,0.5859541426526597
56,-1.512386506162286,1,-0.3693648410115938,-1.3555735383351195,-0.6425863043961658,-0.47454519624983954,-0.4736736092984604,-0.43700743807979686,0.5220674465930434,0.5859541426526597
57,-1.5084986231130257,0,0.8273772438659699,0.7376951317802901,-0.06621247948648194,-0.47454519624983954,-0.4736736092984604,-0.5028639729296732,0.5220674465930434,-1.942303199253005
60,-1.4968349739652445,0,0.8273772438659699,0.7376951317802901,-0.5657364610748746,-0.47454519624983954,-0.4736736092984604,-0.5028639729296732,0.5220674465930434,-1.942303199253005
64,-1.481283441768203,0,-1.5661069258891576,0.7376951317802901,-0.10463740114712752,-0.47454519624983954,-0.4736736092984604,-0.09027201697708476,0.5220674465930434,-1.942303199253005
67,-1.469619792620422,0,0.8273772438659699,0.7376951317802901,-0.7962859910387481,-0.47454519624983954,-0.4736736092984604,-0.4841568350646187,0.5220674465930434,0.5859541426526597
69,-1.461844026521901,0,0.8273772438659699,0.7376951317802901,-0.2583370877897099,1.340131927606843,-0.4736736092984604,-0.47400492578514347,0.5220674465930434,0.5859541426526597
70,-1.4579561434726407,0,-0.3693648410115938,0.7376951317802901,0.20276197213803718,-0.47454519624983954,-0.4736736092984604,-0.43700743807979686,0.5220674465930434,0.5859541426526597
73,-1.4462924943248596,0,0.8273772438659699,0.7376951317802901,-0.2583370877897099,0.4327933656785018,-0.4736736092984604,-0.3573908580066095,0.5220674465930434,-1.942303199253005
76,-1.4346288451770786,0,0.8273772438659699,0.7376951317802901,-0.10463740114712752,-0.47454519624983954,-0.4736736092984604,-0.4894421904510968,0.5220674465930434,0.5859541426526597
77,-1.4307409621278182,0,0.8273772438659699,0.7376951317802901,-0.10463740114712752,-0.47454519624983954,-0.4736736092984604,-0.4863374216869257,0.5220674465930434,0.5859541426526597
79,-1.4229651960292975,1,0.8273772438659699,-1.3555735383351195,0.04906228549545483,-0.47454519624983954,-0.4736736092984604,-0.397241430886295,0.5220674465930434,0.5859541426526597
80,-1.419077312980037,0,0.8273772438659699,0.7376951317802901,-0.5657364610748746,-0.47454519624983954,-0.4736736092984604,-0.46720946885967163,0.5220674465930434,0.5859541426526597
81,-1.4151894299307766,1,0.8273772438659699,0.7376951317802901,-0.027787557825836348,-0.47454519624983954,-0.4736736092984604,-0.45714212526638004,0.5220674465930434,0.5859541426526597
82,-1.4113015468815162,1,0.8273772438659699,-1.3555735383351195,-0.10463740114712752,-0.47454519624983954,-0.4736736092984604,-0.49162277707340374,0.5220674465930434,-0.6781745283001727
83,-1.4074136638322559,0,-1.5661069258891576,0.7376951317802901,-0.10463740114712752,-0.47454519624983954,-0.4736736092984604,0.29992211294914856,0.5220674465930434,0.5859541426526597
84,-1.4035257807829955,1,-0.3693648410115938,-1.3555735383351195,-0.9499856776813305,-0.47454519624983954,-0.4736736092984604,-0.43700743807979686,0.5220674465930434,0.5859541426526597
87,-1.3918621316352144,0,0.8273772438659699,0.7376951317802901,-0.10463740114712752,-0.47454519624983954,-0.4736736092984604,-0.4863374216869257,0.5220674465930434,0.5859541426526597
89,-1.3840863655366937,0,0.8273772438659699,0.7376951317802901,-0.41203677443229225,-0.47454519624983954,-0.4736736092984604,-0.4863374216869257,0.5220674465930434,0.5859541426526597
90,-1.3801984824874334,0,0.8273772438659699,0.7376951317802901,-0.027787557825836348,-0.47454519624983954,-0.4736736092984604,-0.4863374216869257,0.5220674465930434,0.5859541426526597
91,-1.3763105994381728,0,0.8273772438659699,0.7376951317802901,-0.719436147717457,-0.47454519624983954,-0.4736736092984604,-0.4902797934380587,0.5220674465930434,0.5859541426526597
95,-1.3607590672411314,0,0.8273772438659699,0.7376951317802901,-0.10463740114712752,-0.47454519624983954,-0.4736736092984604,-0.4863374216869257,0.5220674465930434,0.5859541426526597
99,-1.34520753504409,0,-0.3693648410115938,0.7376951317802901,0.35646165878061953,0.4327933656785018,-0.4736736092984604,-0.12491978668775715,0.5220674465930434,0.5859541426526597
100,-1.3413196519948296,0,0.8273772438659699,-1.3555735383351195,-0.10463740114712752,-0.47454519624983954,-0.4736736092984604,-0.4894421904510968,0.5220674465930434,0.5859541426526597
101,-1.337431768945569,0,0.8273772438659699,0.7376951317802901,-0.10463740114712752,-0.47454519624983954,-0.4736736092984604,-0.4894421904510968,0.5220674465930434,0.5859541426526597
103,-1.3296560028470483,0,0.8273772438659699,0.7376951317802901,0.27961181545932834,-0.47454519624983954,-0.4736736092984604,-0.4741720436887921,0.5220674465930434,0.5859541426526597
104,-1.325768119797788,0,0.8273772438659699,0.7376951317802901,0.5870111887444931,1.340131927606843,-0.4736736092984604,-0.4888542575852486,0.5220674465930434,0.5859541426526597
105,-1.3218802367485276,0,0.8273772438659699,0.7376951317802901,-0.10463740114712752,-0.47454519624983954,-0.4736736092984604,-0.4894421904510968,0.5220674465930434,0.5859541426526597
106,-1.3179923536992673,1,0.8273772438659699,-1.3555735383351195,-0.6425863043961658,-0.47454519624983954,-0.4736736092984604,-0.494391296561559,0.5220674465930434,0.5859541426526597
107,-1.314104470650007,1,0.8273772438659699,0.7376951317802901,-0.10463740114712752,-0.47454519624983954,-0.4736736092984604,-0.4918744606632361,0.5220674465930434,0.5859541426526597
108,-1.3102165876007466,0,0.8273772438659699,0.7376951317802901,0.6638610320657843,-0.47454519624983954,-0.4736736092984604,-0.4894421904510968,0.5220674465930434,0.5859541426526597
109,-1.3063287045514862,1,0.8273772438659699,-1.3555735383351195,-0.10463740114712752,0.4327933656785018,-0.4736736092984604,-0.1621689579829361,0.5220674465930434,-0.6781745283001727
111,-1.2985529384529655,0,0.8273772438659699,-1.3555735383351195,-1.1421102859845584,0.4327933656785018,-0.4736736092984604,-0.3573908580066095,0.5220674465930434,-1.942303199253005
112,-1.294665055403705,0,0.8273772438659699,0.7376951317802901,-0.5657364610748746,-0.47454519624983954,-0.4736736092984604,-0.4863374216869257,0.5220674465930434,0.5859541426526597
113,-1.2907771723544446,0,0.8273772438659699,-1.3555735383351195,-0.719436147717457,0.4327933656785018,-0.4736736092984604,-0.4505983519307405,0.5220674465930434,0.5859541426526597
114,-1.2868892893051842,0,0.8273772438659699,-1.3555735383351195,-0.9499856776813305,-0.47454519624983954,-0.4736736092984604,-0.3573083057891445,0.5220674465930434,-1.942303199253005
115,-1.2830014062559238,0,0.8273772438659699,0.7376951317802901,-0.6425863043961658,-0.47454519624983954,-0.4736736092984604,-0.4888542575852486,0.5220674465930434,0.5859541426526597
117,-1.2752256401574031,0,-0.3693648410115938,0.7376951317802901,-0.027787557825836348,0.4327933656785018,-0.4736736092984604,-0.22559322262067316,0.5220674465930434,0.5859541426526597
121,-1.2596741079603617,0,0.8273772438659699,0.7376951317802901,-0.10463740114712752,-0.47454519624983954,-0.4736736092984604,-0.4863374216869257,0.5220674465930434,0.5859541426526597
122,-1.2557862249111011,0,-0.3693648410115938,0.7376951317802901,0.24118689379868277,0.4327933656785018,-0.4736736092984604,-0.04295550208861426,0.5220674465930434,-1.942303199253005
125,-1.24412257576332,1,0.8273772438659699,0.7376951317802901,-1.3342348942877864,0.4327933656785018,-0.4736736092984604,-0.42207354059350805,0.5220674465930434,-1.942303199253005
126,-1.2402346927140597,0,0.8273772438659699,0.7376951317802901,-0.10463740114712752,-0.47454519624983954,-0.4736736092984604,-0.49237782784290063,0.5220674465930434,-0.6781745283001727
127,-1.2363468096647994,1,0.8273772438659699,0.7376951317802901,-0.41203677443229225,-0.47454519624983954,-0.4736736092984604,-0.5046257580584992,0.5220674465930434,0.5859541426526597
129,-1.2285710435662787,0,0.8273772438659699,0.7376951317802901,1.2018099353148226,-0.47454519624983954,-0.4736736092984604,-0.5079822104125026,0.5220674465930434,0.5859541426526597
130,-1.2246831605170183,0,0.8273772438659699,0.7376951317802901,0.27961181545932834,-0.47454519624983954,-0.4736736092984604,-0.4894421904510968,0.5220674465930434,-1.942303199253005
131,-1.220795277467758,0,0.8273772438659699,0.7376951317802901,-0.719436147717457,-0.47454519624983954,-0.4736736092984604,-0.5064721088735089,0.5220674465930434,0.5859541426526597
132,-1.2169073944184976,0,0.8273772438659699,-1.3555735383351195,1.3555096219574048,0.4327933656785018,-0.4736736092984604,-0.35646868933346404,0.5220674465930434,0.5859541426526597
133,-1.213019511369237,1,-0.3693648410115938,-1.3555735383351195,-0.027787557825836348,0.4327933656785018,-0.4736736092984604,-0.12491978668775715,0.5220674465930434,0.5859541426526597
134,-1.2091316283199767,0,-0.3693648410115938,0.7376951317802901,-0.33518693111100106,-0.47454519624983954,-0.4736736092984604,-0.3866707201133388,0.5220674465930434,0.5859541426526597
135,-1.2052437452707163,0,-0.3693648410115938,0.7376951317802901,-0.48888661775358344,-0.47454519624983954,-0.4736736092984604,-0.3454791770670269,0.5220674465930434,-1.942303199253005
138,-1.1935800961229353,0,0.8273772438659699,0.7376951317802901,-1.0268355210026217,-0.47454519624983954,-0.4736736092984604,-0.4628462821463391,0.5220674465930434,0.5859541426526597
141,-1.1819164469751542,1,0.8273772438659699,-1.3555735383351195,-0.5657364610748746,-0.47454519624983954,-0.4736736092984604,-0.49237782784290063,0.5220674465930434,0.5859541426526597
142,-1.1780285639258938,1,0.8273772438659699,-1.3555735383351195,-0.41203677443229225,0.4327933656785018,-0.4736736092984604,-0.32928686163157667,0.5220674465930434,0.5859541426526597
143,-1.1741406808766333,0,0.8273772438659699,0.7376951317802901,-0.7962859910387481,-0.47454519624983954,-0.4736736092984604,-0.5125125150294839,0.5220674465930434,-0.6781745283001727
144,-1.170252797827373,0,-0.3693648410115938,0.7376951317802901,-0.8731358343600393,-0.47454519624983954,-0.4736736092984604,-0.41687275089321363,0.5220674465930434,0.5859541426526597
146,-1.1624770317288522,1,0.8273772438659699,0.7376951317802901,-0.1814872444684187,-0.47454519624983954,-0.4736736092984604,-0.49145565916975514,0.5220674465930434,0.5859541426526597
149,-1.1508133825810711,0,-0.3693648410115938,0.7376951317802901,0.9712604053509489,-0.47454519624983954,-0.4736736092984604,-0.3866707201133388,0.5220674465930434,0.5859541426526597
150,-1.1469254995318108,0,-0.3693648410115938,0.7376951317802901,1.6629089952425695,-0.47454519624983954,-0.4736736092984604,-0.39623469652696586,0.5220674465930434,0.5859541426526597
154,-1.1313739673347691,0,0.8273772438659699,0.7376951317802901,-0.10463740114712752,-0.47454519624983954,-0.4736736092984604,-0.5011867534870308,0.5220674465930434,0.5859541426526597
156,-1.1235982012362484,1,0.8273772438659699,-1.3555735383351195,-1.0268355210026217,-0.47454519624983954,-0.4736736092984604,-0.49271407711891657,0.5220674465930434,-0.6781745283001727
157,-1.119710318186988,0,0.8273772438659699,0.7376951317802901,0.04906228549545483,-0.47454519624983954,-0.4736736092984604,-0.4863374216869257,0.5220674465930434,0.5859541426526597
158,-1.1158224351377277,0,0.8273772438659699,0.7376951317802901,-0.10463740114712752,-0.47454519624983954,-0.4736736092984604,-0.47400492578514347,0.5220674465930434,0.5859541426526597
161,-1.1041587859899467,1,-0.3693648410115938,-1.3555735383351195,0.8175607187083667,-0.47454519624983954,-0.4736736092984604,-0.331300330350235,0.5220674465930434,0.5859541426526597
162,-1.1002709029406863,0,0.8273772438659699,0.7376951317802901,-0.2583370877897099,-0.47454519624983954,-0.4736736092984604,-0.4918744606632361,0.5220674465930434,0.5859541426526597
163,-1.096383019891426,0,0.8273772438659699,0.7376951317802901,-0.9499856776813305,-0.47454519624983954,-0.4736736092984604,-0.47400492578514347,0.5220674465930434,0.5859541426526597
168,-1.076943604645124,0,-1.5661069258891576,0.7376951317802901,-0.10463740114712752,-0.47454519624983954,-0.4736736092984604,-0.12642988822675086,0.5220674465930434,0.5859541426526597
173,-1.0575041893988222,0,0.8273772438659699,0.7376951317802901,-0.6425863043961658,-0.47454519624983954,-0.4736736092984604,-0.4888542575852486,0.5220674465930434,0.5859541426526597
178,-1.0380647741525202,0,-0.3693648410115938,0.7376951317802901,0.04906228549545483,-0.47454519624983954,-0.4736736092984604,-0.3866707201133388,0.5220674465930434,0.5859541426526597
179,-1.0341768911032598,0,0.8273772438659699,0.7376951317802901,0.5101613454232019,-0.47454519624983954,-0.4736736092984604,-0.6484216535389205,0.5220674465930434,0.5859541426526597
181,-1.0264011250047391,0,-0.3693648410115938,0.7376951317802901,-0.10463740114712752,-0.47454519624983954,-0.4736736092984604,-0.34539461138084326,0.5220674465930434,-1.942303199253005
186,-1.0069617097584371,1,0.8273772438659699,-1.3555735383351195,-0.10463740114712752,0.4327933656785018,-0.4736736092984604,-0.3363340021468808,0.5220674465930434,-0.6781745283001727
187,-1.0030738267091768,1,-1.5661069258891576,0.7376951317802901,1.2018099353148226,-0.47454519624983954,-0.4736736092984604,-0.11384570873513637,0.5220674465930434,0.5859541426526597
189,-0.9952980606106561,0,0.8273772438659699,0.7376951317802901,0.5101613454232019,-0.47454519624983954,-0.4736736092984604,-0.4894421904510968,0.5220674465930434,0.5859541426526597
190,-0.9914101775613957,1,-0.3693648410115938,-1.3555735383351195,0.20276197213803718,-0.47454519624983954,-0.4736736092984604,-0.3866707201133388,0.5220674465930434,0.5859541426526597
191,-0.9875222945121354,0,-0.3693648410115938,0.7376951317802901,-0.7962859910387481,-0.47454519624983954,-0.4736736092984604,-0.3866707201133388,0.5220674465930434,0.5859541426526597
192,-0.983634411462875,1,0.8273772438659699,-1.3555735383351195,-0.7962859910387481,0.4327933656785018,-0.4736736092984604,-0.4902797934380587,0.5220674465930434,0.5859541426526597
196,-0.9680828792658335,0,0.8273772438659699,0.7376951317802901,-0.10463740114712752,-0.47454519624983954,-0.4736736092984604,-0.49237782784290063,0.5220674465930434,-0.6781745283001727
198,-0.9603071131673128,1,0.8273772438659699,-1.3555735383351195,-0.10463740114712752,-0.47454519624983954,-0.4736736092984604,-0.49237782784290063,0.5220674465930434,-0.6781745283001727
199,-0.9564192301180523,0,-0.3693648410115938,-1.3555735383351195,-0.41203677443229225,-0.47454519624983954,-0.4736736092984604,-0.3866707201133388,0.5220674465930434,0.5859541426526597
200,-0.952531347068792,0,0.8273772438659699,0.7376951317802901,-0.10463740114712752,-0.47454519624983954,-0.4736736092984604,-0.45714212526638004,0.5220674465930434,0.5859541426526597
202,-0.9447555809702712,0,0.8273772438659699,0.7376951317802901,0.35646165878061953,-0.47454519624983954,-0.4736736092984604,-0.5176307525123133,0.5220674465930434,0.5859541426526597
203,-0.9408676979210109,0,0.8273772438659699,0.7376951317802901,1.2402348569754682,-0.47454519624983954,-0.4736736092984604,-0.5029485386158568,0.5220674465930434,-1.942303199253005
204,-0.9369798148717504,1,0.8273772438659699,0.7376951317802901,-0.8731358343600393,-0.47454519624983954,-0.4736736092984604,-0.4863374216869257,0.5220674465930434,0.5859541426526597
206,-0.9292040487732297,0,0.8273772438659699,0.7376951317802901,0.20276197213803718,0.4327933656785018,-0.4736736092984604,-0.32928686163157667,0.5220674465930434,0.5859541426526597
207,-0.9253161657239694,1,0.8273772438659699,0.7376951317802901,-0.2583370877897099,-0.47454519624983954,-0.4736736092984604,-0.2701412180209885,0.5220674465930434,-1.942303199253005
208,-0.921428282674709,1,0.8273772438659699,-1.3555735383351195,-1.0268355210026217,-0.47454519624983954,-0.4736736092984604,-0.49237782784290063,0.5220674465930434,-0.6781745283001727
210,-0.9136525165761882,0,0.8273772438659699,0.7376951317802901,-0.41203677443229225,-0.47454519624983954,-0.4736736092984604,-0.5064721088735089,0.5220674465930434,0.5859541426526597
211,-0.9097646335269278,1,-0.3693648410115938,-1.3555735383351195,0.4333115021019107,-0.47454519624983954,-0.4736736092984604,-0.22559322262067316,0.5220674465930434,0.5859541426526597
212,-0.9058767504776675,0,0.8273772438659699,0.7376951317802901,-0.5657364610748746,-0.47454519624983954,-0.4736736092984604,-0.5024451714361923,0.5220674465930434,0.5859541426526597
213,-0.9019888674284071,0,-0.3693648410115938,0.7376951317802901,0.04906228549545483,-0.47454519624983954,-0.4736736092984604,-0.3866707201133388,0.5220674465930434,0.5859541426526597
214,-0.8981009843791468,0,0.8273772438659699,0.7376951317802901,-0.10463740114712752,0.4327933656785018,-0.4736736092984604,-0.49237782784290063,0.5220674465930434,-0.6781745283001727
216,-0.8903252182806259,1,0.8273772438659699,-1.3555735383351195,-0.1814872444684187,-0.47454519624983954,-0.4736736092984604,-0.4888542575852486,0.5220674465930434,0.5859541426526597
217,-0.8864373352313656,0,-0.3693648410115938,0.7376951317802901,0.9712604053509489,0.4327933656785018,-0.4736736092984604,-0.10478509950117394,0.5220674465930434,0.5859541426526597
219,-0.8786615691328449,0,-0.3693648410115938,0.7376951317802901,0.04906228549545483,-0.47454519624983954,-0.4736736092984604,-0.43700743807979686,0.5220674465930434,0.5859541426526597
220,-0.8747736860835844,1,0.8273772438659699,0.7376951317802901,-1.0268355210026217,-0.47454519624983954,-0.4736736092984604,-0.4863374216869257,0.5220674465930434,0.5859541426526597
221,-0.8708858030343241,0,-0.3693648410115938,0.7376951317802901,-0.1814872444684187,-0.47454519624983954,-0.4736736092984604,-0.3866707201133388,0.5220674465930434,0.5859541426526597
222,-0.8669979199850637,0,0.8273772438659699,0.7376951317802901,1.6629089952425695,-0.47454519624983954,-0.4736736092984604,-0.4863374216869257,0.5220674465930434,0.5859541426526597
223,-0.8631100369358033,0,0.8273772438659699,0.7376951317802901,-0.10463740114712752,-0.47454519624983954,-0.4736736092984604,-0.4894421904510968,0.5220674465930434,0.5859541426526597
225,-0.8553342708372826,0,0.8273772438659699,0.7376951317802901,-0.5657364610748746,-0.47454519624983954,-0.4736736092984604,-0.4601623283443675,0.5220674465930434,0.5859541426526597
226,-0.8514463877880222,1,-0.3693648410115938,0.7376951317802901,-0.7962859910387481,-0.47454519624983954,-0.4736736092984604,-0.43700743807979686,0.5220674465930434,0.5859541426526597
227,-0.8475585047387618,0,0.8273772438659699,0.7376951317802901,-0.6810112260568114,-0.47454519624983954,-0.4736736092984604,-0.5024451714361923,0.5220674465930434,0.5859541426526597
228,-0.8436706216895015,0,-0.3693648410115938,0.7376951317802901,-0.8731358343600393,-0.47454519624983954,-0.4736736092984604,-0.3866707201133388,0.5220674465930434,0.5859541426526597
231,-0.8320069725417203,0,0.8273772438659699,0.7376951317802901,-0.027787557825836348,-0.47454519624983954,-0.4736736092984604,-0.4918744606632361,0.5220674465930434,0.5859541426526597
234,-0.8203433233939392,0,-0.3693648410115938,0.7376951317802901,-0.41203677443229225,-0.47454519624983954,-0.4736736092984604,-0.43700743807979686,0.5220674465930434,0.5859541426526597
235,-0.8164554403446789,0,0.8273772438659699,-1.3555735383351195,-0.10463740114712752,-0.47454519624983954,-0.4736736092984604,-0.49640476528021726,0.5220674465930434,0.5859541426526597
236,-0.8125675572954184,0,-0.3693648410115938,0.7376951317802901,1.1249600919935314,0.4327933656785018,-0.4736736092984604,-0.12491978668775715,0.5220674465930434,0.5859541426526597
238,-0.8047917911968977,0,-0.3693648410115938,0.7376951317802901,-0.7962859910387481,-0.47454519624983954,-0.4736736092984604,-0.43700743807979686,0.5220674465930434,0.5859541426526597
239,-0.8009039081476373,0,-0.3693648410115938,0.7376951317802901,0.27961181545932834,-0.47454519624983954,-0.4736736092984604,-0.4012683683236117,0.5220674465930434,0.5859541426526597
240,-0.797016025098377,0,0.8273772438659699,-1.3555735383351195,-0.10463740114712752,0.4327933656785018,-0.4736736092984604,-0.3573908580066095,0.5220674465930434,-1.942303199253005
241,-0.7931281420491166,1,0.8273772438659699,-1.3555735383351195,-0.10463740114712752,0.4327933656785018,-0.4736736092984604,-0.3363340021468808,0.5220674465930434,-0.6781745283001727
242,-0.7892402589998562,0,-0.3693648410115938,0.7376951317802901,-0.027787557825836348,-0.47454519624983954,-0.4736736092984604,-0.43700743807979686,0.5220674465930434,0.5859541426526597
243,-0.7853523759505958,0,0.8273772438659699,0.7376951317802901,-0.5657364610748746,-0.47454519624983954,-0.4736736092984604,-0.5049620073345151,0.5220674465930434,0.5859541426526597
244,-0.7814644929013355,0,0.8273772438659699,0.7376951317802901,0.04906228549545483,-0.47454519624983954,-0.4736736092984604,-0.5029485386158568,0.5220674465930434,-1.942303199253005
246,-0.7736887268028148,0,0.8273772438659699,-1.3555735383351195,-0.33518693111100106,-0.47454519624983954,-0.4736736092984604,-0.4918744606632361,0.5220674465930434,0.5859541426526597
249,-0.7620250776550336,0,-0.3693648410115938,0.7376951317802901,1.893458525206443,0.4327933656785018,-0.4736736092984604,-0.12491978668775715,0.5220674465930434,0.5859541426526597
250,-0.7581371946057732,0,0.8273772438659699,0.7376951317802901,-0.10463740114712752,-0.47454519624983954,-0.4736736092984604,-0.5024451714361923,0.5220674465930434,0.5859541426526597
253,-0.746473545457992,0,0.8273772438659699,0.7376951317802901,0.04906228549545483,0.4327933656785018,-0.4736736092984604,-0.32425318983493084,0.5220674465930434,0.5859541426526597
260,-0.7192583641131695,0,0.8273772438659699,0.7376951317802901,-0.10463740114712752,-0.47454519624983954,-0.4736736092984604,-0.49237782784290063,0.5220674465930434,-0.6781745283001727
264,-0.7037068319161279,0,0.8273772438659699,-1.3555735383351195,-0.10463740114712752,-0.47454519624983954,-0.4736736092984604,-0.49237782784290063,0.5220674465930434,-0.6781745283001727
265,-0.6998189488668676,0,-0.3693648410115938,0.7376951317802901,0.5101613454232019,-0.47454519624983954,-0.4736736092984604,-0.43700743807979686,0.5220674465930434,0.5859541426526597
267,-0.6920431827683469,1,0.8273772438659699,0.7376951317802901,-0.33518693111100106,0.4327933656785018,-0.4736736092984604,-0.4918744606632361,0.5220674465930434,0.5859541426526597
270,-0.6803795336205657,0,-1.5661069258891576,0.7376951317802901,-0.10463740114712752,-0.47454519624983954,-0.4736736092984604,-0.024246350754841113,0.5220674465930434,0.5859541426526597
271,-0.6764916505713053,1,0.8273772438659699,0.7376951317802901,-0.33518693111100106,-0.47454519624983954,-0.4736736092984604,-0.6484216535389205,0.5220674465930434,0.5859541426526597
274,-0.6648280014235242,1,0.8273772438659699,-1.3555735383351195,-0.10463740114712752,-0.47454519624983954,-0.4736736092984604,-0.49237782784290063,0.5220674465930434,-0.6781745283001727
276,-0.6570522353250035,0,0.8273772438659699,-1.3555735383351195,1.2018099353148226,-0.47454519624983954,-0.4736736092984604,-0.49237782784290063,0.5220674465930434,0.5859541426526597
277,-0.6531643522757431,0,-0.3693648410115938,0.7376951317802901,-0.10463740114712752,-0.47454519624983954,-0.4736736092984604,-0.6484216535389205,0.5220674465930434,0.5859541426526597
281,-0.6376128200787016,0,0.8273772438659699,0.7376951317802901,-0.10463740114712752,-0.47454519624983954,-0.4736736092984604,-0.4902797934380587,0.5220674465930434,0.5859541426526597
282,-0.6337249370294412,0,0.8273772438659699,0.7376951317802901,-1.0268355210026217,-0.47454519624983954,-0.4736736092984604,-0.45714212526638004,0.5220674465930434,0.5859541426526597
283,-0.6298370539801809,1,0.8273772438659699,0.7376951317802901,-0.7962859910387481,-0.47454519624983954,-0.4736736092984604,-0.4863374216869257,0.5220674465930434,0.5859541426526597
285,-0.62206128788166,0,0.8273772438659699,0.7376951317802901,0.27961181545932834,-0.47454519624983954,-0.4736736092984604,-0.47400492578514347,0.5220674465930434,-1.942303199253005
286,-0.6181734048323997,1,0.8273772438659699,0.7376951317802901,0.04906228549545483,-0.47454519624983954,-0.4736736092984604,-0.45714212526638004,0.5220674465930434,0.5859541426526597
287,-0.6142855217831393,0,0.8273772438659699,0.7376951317802901,-0.5657364610748746,-0.47454519624983954,-0.4736736092984604,-0.4894421904510968,0.5220674465930434,0.5859541426526597
288,-0.610397638733879,1,-0.3693648410115938,0.7376951317802901,0.9712604053509489,-0.47454519624983954,-0.4736736092984604,-0.3866707201133388,0.5220674465930434,0.5859541426526597
289,-0.6065097556846185,1,0.8273772438659699,-1.3555735383351195,-0.5657364610748746,-0.47454519624983954,-0.4736736092984604,-0.49237782784290063,0.5220674465930434,-0.6781745283001727
293,-0.5909582234875771,0,0.8273772438659699,-1.3555735383351195,-0.41203677443229225,-0.47454519624983954,-0.4736736092984604,-0.4702296719376591,0.5220674465930434,0.5859541426526597
294,-0.5870703404383166,0,0.8273772438659699,0.7376951317802901,-0.41203677443229225,-0.47454519624983954,-0.4736736092984604,-0.4894421904510968,0.5220674465930434,0.5859541426526597
295,-0.5831824573890563,0,-1.5661069258891576,0.7376951317802901,-0.10463740114712752,-0.47454519624983954,-0.4736736092984604,-0.09027201697708476,0.5220674465930434,-1.942303199253005
296,-0.5792945743397959,0,0.8273772438659699,0.7376951317802901,-0.45046169609293785,-0.47454519624983954,-0.4736736092984604,-0.5028639729296732,0.5220674465930434,-1.942303199253005
300,-0.5637430421427544,1,0.8273772438659699,-1.3555735383351195,-0.10463740114712752,-0.47454519624983954,-0.4736736092984604,-0.49237782784290063,0.5220674465930434,-0.6781745283001727
301,-0.559855159093494,1,0.8273772438659699,0.7376951317802901,-0.10463740114712752,1.340131927606843,-0.4736736092984604,-0.18029017645086096,0.5220674465930434,-0.6781745283001727
302,-0.5559672760442337,0,0.8273772438659699,0.7376951317802901,-0.7962859910387481,-0.47454519624983954,-0.4736736092984604,-0.6484216535389205,0.5220674465930434,0.5859541426526597
304,-0.548191509945713,0,0.8273772438659699,0.7376951317802901,-0.10463740114712752,-0.47454519624983954,-0.4736736092984604,-0.4863374216869257,0.5220674465930434,0.5859541426526597
308,-0.5326399777486714,0,-0.3693648410115938,0.7376951317802901,0.04906228549545483,0.4327933656785018,-0.4736736092984604,-0.16518916106092355,0.5220674465930434,-1.942303199253005
313,-0.5132005625023696,0,0.8273772438659699,0.7376951317802901,-0.10463740114712752,-0.47454519624983954,-0.4736736092984604,-0.4894421904510968,0.5220674465930434,0.5859541426526597
315,-0.5054247964038489,1,0.8273772438659699,-1.3555735383351195,-0.2583370877897099,-0.47454519624983954,-0.4736736092984604,-0.4902797934380587,0.5220674465930434,0.5859541426526597
316,-0.5015369133545884,1,-0.3693648410115938,-1.3555735383351195,-0.41203677443229225,0.4327933656785018,-0.4736736092984604,-0.12491978668775715,0.5220674465930434,0.5859541426526597
317,-0.49764903030532803,0,-0.3693648410115938,0.7376951317802901,1.893458525206443,-0.47454519624983954,-0.4736736092984604,-0.36653603292675563,0.5220674465930434,0.5859541426526597
320,-0.4859853811575469,0,0.8273772438659699,0.7376951317802901,-0.5657364610748746,-0.47454519624983954,-0.4736736092984604,-0.5024451714361923,0.5220674465930434,0.5859541426526597
321,-0.48209749810828656,0,0.8273772438659699,0.7376951317802901,-0.1814872444684187,-0.47454519624983954,-0.4736736092984604,-0.4894421904510968,0.5220674465930434,0.5859541426526597
322,-0.47820961505902615,1,-0.3693648410115938,-1.3555735383351195,0.04906228549545483,-0.47454519624983954,-0.4736736092984604,-0.3997582667846179,0.5220674465930434,-0.6781745283001727
330,-0.44710655066494315,1,0.8273772438659699,-1.3555735383351195,-0.10463740114712752,1.340131927606843,-0.4736736092984604,-0.18029017645086096,0.5220674465930434,-0.6781745283001727
333,-0.43544290151716203,0,0.8273772438659699,0.7376951317802901,-1.0268355210026217,1.340131927606843,-0.4736736092984604,-0.2859972841804228,0.5220674465930434,0.5859541426526597
335,-0.4276671354186413,0,0.8273772438659699,0.7376951317802901,-0.10463740114712752,-0.47454519624983954,-0.4736736092984604,-0.4894421904510968,0.5220674465930434,0.5859541426526597
338,-0.41600348627086015,1,0.8273772438659699,0.7376951317802901,1.2018099353148226,-0.47454519624983954,-0.4736736092984604,-0.4863374216869257,0.5220674465930434,0.5859541426526597
342,-0.4004519540738187,0,-0.3693648410115938,0.7376951317802901,-0.10463740114712752,-0.47454519624983954,-0.4736736092984604,-0.3866707201133388,0.5220674465930434,0.5859541426526597
343,-0.3965640710245583,0,-0.3693648410115938,0.7376951317802901,-0.33518693111100106,-0.47454519624983954,-0.4736736092984604,-0.3866707201133388,0.5220674465930434,0.5859541426526597
344,-0.3926761879752979,0,-0.3693648410115938,0.7376951317802901,0.5101613454232019,-0.47454519624983954,-0.4736736092984604,-0.3866707201133388,0.5220674465930434,0.5859541426526597
346,-0.38490042187677714,1,-0.3693648410115938,-1.3555735383351195,0.8175607187083667,-0.47454519624983954,-0.4736736092984604,-0.3866707201133388,0.5220674465930434,0.5859541426526597
347,-0.3810125388275168,1,0.8273772438659699,-1.3555735383351195,-0.10463740114712752,0.4327933656785018,-0.4736736092984604,-0.32425318983493084,0.5220674465930434,0.5859541426526597
349,-0.373236772728996,0,0.8273772438659699,0.7376951317802901,0.9712604053509489,-0.47454519624983954,-0.4736736092984604,-0.47400492578514347,0.5220674465930434,0.5859541426526597
350,-0.36934888967973567,0,0.8273772438659699,0.7376951317802901,-0.48888661775358344,-0.47454519624983954,-0.4736736092984604,-0.4626791642426904,0.5220674465930434,0.5859541426526597
353,-0.35768524053195455,0,0.8273772438659699,0.7376951317802901,-0.33518693111100106,0.4327933656785018,-0.4736736092984604,-0.29002422161773944,0.5220674465930434,0.5859541426526597
354,-0.35379735748269414,0,0.8273772438659699,0.7376951317802901,-0.10463740114712752,-0.47454519624983954,-0.4736736092984604,-0.5029485386158568,0.5220674465930434,-1.942303199253005
355,-0.3499094744334338,0,0.8273772438659699,0.7376951317802901,-0.10463740114712752,-0.47454519624983954,-0.4736736092984604,-0.45714212526638004,0.5220674465930434,0.5859541426526597
357,-0.342133708334913,0,-0.3693648410115938,-1.3555735383351195,0.6638610320657843,-0.47454519624983954,-0.4736736092984604,-0.3866707201133388,0.5220674465930434,0.5859541426526597
358,-0.33824582528565267,1,0.8273772438659699,-1.3555735383351195,-0.10463740114712752,-0.47454519624983954,-0.4736736092984604,-0.48977642625839407,0.5220674465930434,-0.6781745283001727
359,-0.33435794223639226,1,0.8273772438659699,-1.3555735383351195,-0.10463740114712752,-0.47454519624983954,-0.4736736092984604,-0.48977642625839407,0.5220674465930434,-0.6781745283001727
361,-0.32658217613787155,0,-0.3693648410115938,0.7376951317802901,-0.027787557825836348,0.4327933656785018,-0.4736736092984604,-0.09027201697708476,0.5220674465930434,-1.942303199253005
363,-0.3188064100393508,0,0.8273772438659699,0.7376951317802901,0.4333115021019107,-0.47454519624983954,-0.4736736092984604,-0.5064721088735089,0.5220674465930434,0.5859541426526597
364,-0.31491852699009043,0,0.8273772438659699,0.7376951317802901,-0.10463740114712752,0.4327933656785018,-0.4736736092984604,-0.3363340021468808,0.5220674465930434,-0.6781745283001727
365,-0.31103064394083,0,0.8273772438659699,0.7376951317802901,0.04906228549545483,-0.47454519624983954,-0.4736736092984604,-0.5024451714361923,0.5220674465930434,0.5859541426526597
367,-0.30325487784230926,1,0.8273772438659699,-1.3555735383351195,-0.10463740114712752,-0.47454519624983954,-0.4736736092984604,-0.5028639729296732,0.5220674465930434,-1.942303199253005
368,-0.2993669947930489,1,0.8273772438659699,-1.3555735383351195,-0.10463740114712752,-0.47454519624983954,-0.4736736092984604,-0.49237782784290063,0.5220674465930434,-0.6781745283001727
371,-0.2877033456452678,0,0.8273772438659699,0.7376951317802901,-0.8731358343600393,0.4327933656785018,-0.4736736092984604,-0.5176307525123133,0.5220674465930434,0.5859541426526597
372,-0.28381546259600743,0,0.8273772438659699,0.7376951317802901,-0.7962859910387481,-0.47454519624983954,-0.4736736092984604,-0.4863374216869257,0.5220674465930434,0.5859541426526597
376,-0.2682639303989659,1,0.8273772438659699,-1.3555735383351195,-0.5657364610748746,-0.47454519624983954,-0.4736736092984604,-0.5024451714361923,0.5220674465930434,0.5859541426526597
378,-0.26048816430044514,0,0.8273772438659699,0.7376951317802901,-0.719436147717457,-0.47454519624983954,-0.4736736092984604,-0.5676312212027554,0.5220674465930434,-1.942303199253005
379,-0.2566002812511848,0,0.8273772438659699,0.7376951317802901,-0.7962859910387481,-0.47454519624983954,-0.4736736092984604,-0.4918744606632361,0.5220674465930434,0.5859541426526597
382,-0.24493663210340366,0,0.8273772438659699,0.7376951317802901,0.20276197213803718,-0.47454519624983954,-0.4736736092984604,-0.4888542575852486,0.5220674465930434,0.5859541426526597
383,-0.24104874905414328,1,-1.5661069258891576,-1.3555735383351195,0.4333115021019107,0.4327933656785018,-0.4736736092984604,0.39858208016340624,0.5220674465930434,0.5859541426526597
384,-0.2371608660048829,0,0.8273772438659699,0.7376951317802901,-0.10463740114712752,-0.47454519624983954,-0.4736736092984604,-0.4894421904510968,0.5220674465930434,0.5859541426526597
387,-0.22549721685710178,1,-0.3693648410115938,-1.3555735383351195,0.5101613454232019,-0.47454519624983954,-0.4736736092984604,-0.3866707201133388,0.5220674465930434,0.5859541426526597
388,-0.2216093338078414,0,0.8273772438659699,0.7376951317802901,-0.10463740114712752,-0.47454519624983954,-0.4736736092984604,-0.49279662933638163,0.5220674465930434,-0.6781745283001727
389,-0.21772145075858101,1,-0.3693648410115938,-1.3555735383351195,-0.9499856776813305,-0.47454519624983954,-0.4736736092984604,-0.40680540729992204,0.5220674465930434,-1.942303199253005
391,-0.20994568466006028,1,0.8273772438659699,0.7376951317802901,-0.6425863043961658,-0.47454519624983954,-0.4736736092984604,-0.49145565916975514,0.5220674465930434,0.5859541426526597
392,-0.2060578016107999,0,0.8273772438659699,0.7376951317802901,-0.10463740114712752,1.340131927606843,-0.4736736092984604,-0.4888542575852486,0.5220674465930434,0.5859541426526597
395,-0.19439415246301878,0,0.8273772438659699,0.7376951317802901,-0.5657364610748746,-0.47454519624983954,-0.4736736092984604,-0.49145565916975514,0.5220674465930434,0.5859541426526597
396,-0.1905062694137584,0,0.8273772438659699,-1.3555735383351195,0.12591212881674602,-0.47454519624983954,-0.4736736092984604,-0.4902797934380587,0.5220674465930434,0.5859541426526597
397,-0.186618386364498,0,-0.3693648410115938,0.7376951317802901,1.2786597786361138,-0.47454519624983954,-0.4736736092984604,-0.12491978668775715,0.5220674465930434,0.5859541426526597
398,-0.18273050331523763,0,-0.3693648410115938,0.7376951317802901,-0.48888661775358344,-0.47454519624983954,-0.4736736092984604,-0.43700743807979686,0.5220674465930434,0.5859541426526597
399,-0.17884262026597728,1,-0.3693648410115938,-1.3555735383351195,-0.10463740114712752,-0.47454519624983954,-0.4736736092984604,-0.393717860628643,0.5220674465930434,0.5859541426526597
400,-0.1749547372167169,1,0.8273772438659699,0.7376951317802901,0.7407108753870755,-0.47454519624983954,-0.4736736092984604,-0.4888542575852486,0.5220674465930434,0.5859541426526597
401,-0.1710668541674565,0,0.8273772438659699,0.7376951317802901,-0.2583370877897099,-0.47454519624983954,-0.4736736092984604,-0.4863374216869257,0.5220674465930434,0.5859541426526597
402,-0.16717897111819613,0,0.8273772438659699,-1.3555735383351195,-0.6425863043961658,0.4327933656785018,-0.4736736092984604,-0.4505983519307405,0.5220674465930434,0.5859541426526597
403,-0.16329108806893577,0,0.8273772438659699,0.7376951317802901,-0.10463740114712752,0.4327933656785018,-0.4736736092984604,-0.32928686163157667,0.5220674465930434,0.5859541426526597
404,-0.1594032050196754,0,0.8273772438659699,-1.3555735383351195,-0.719436147717457,-0.47454519624983954,-0.4736736092984604,-0.47400492578514347,0.5220674465930434,0.5859541426526597
405,-0.155515321970415,0,-0.3693648410115938,0.7376951317802901,0.35646165878061953,0.4327933656785018,-0.4736736092984604,-0.22559322262067316,0.5220674465930434,0.5859541426526597
406,-0.15162743892115463,0,0.8273772438659699,0.7376951317802901,1.6629089952425695,-0.47454519624983954,-0.4736736092984604,-0.49237782784290063,0.5220674465930434,0.5859541426526597
408,-0.1438516728226339,0,0.8273772438659699,0.7376951317802901,-0.6425863043961658,-0.47454519624983954,-0.4736736092984604,-0.4918744606632361,0.5220674465930434,0.5859541426526597
410,-0.13607590672411313,0,0.8273772438659699,0.7376951317802901,-0.10463740114712752,-0.47454519624983954,-0.4736736092984604,-0.4894421904510968,0.5220674465930434,0.5859541426526597
411,-0.13218802367485277,0,0.8273772438659699,0.7376951317802901,-0.10463740114712752,-0.47454519624983954,-0.4736736092984604,-0.5103319284071769,0.5220674465930434,-0.6781745283001727
413,-0.12441225757633201,0,-0.3693648410115938,0.7376951317802901,-0.10463740114712752,-0.47454519624983954,-0.4736736092984604,-0.6484216535389205,0.5220674465930434,0.5859541426526597
414,-0.12052437452707164,1,0.8273772438659699,0.7376951317802901,1.1249600919935314,-0.47454519624983954,-0.4736736092984604,-0.4888542575852486,0.5220674465930434,0.5859541426526597
415,-0.11663649147781126,0,0.8273772438659699,-1.3555735383351195,-0.10463740114712752,-0.47454519624983954,-0.4736736092984604,-0.4863374216869257,0.5220674465930434,0.5859541426526597
418,-0.10497284233003014,0,-0.3693648410115938,0.7376951317802901,0.04906228549545483,-0.47454519624983954,-0.4736736092984604,-0.3866707201133388,0.5220674465930434,0.5859541426526597
420,-0.09719707623150939,0,0.8273772438659699,0.7376951317802901,-0.10463740114712752,-0.47454519624983954,-0.4736736092984604,-0.4894421904510968,0.5220674465930434,-1.942303199253005
421,-0.093309193182249,0,0.8273772438659699,0.7376951317802901,-0.6425863043961658,-0.47454519624983954,-0.4736736092984604,-0.49271407711891657,0.5220674465930434,-0.6781745283001727
422,-0.08942131013298864,0,0.8273772438659699,0.7376951317802901,-0.027787557825836348,-0.47454519624983954,-0.4736736092984604,-0.4898609919445778,0.5220674465930434,0.5859541426526597
425,-0.0777576609852075,0,0.8273772438659699,0.7376951317802901,-0.10463740114712752,-0.47454519624983954,-0.4736736092984604,-0.5024451714361923,0.5220674465930434,0.5859541426526597
426,-0.07386977793594714,1,-0.3693648410115938,-1.3555735383351195,-0.10463740114712752,0.4327933656785018,-0.4736736092984604,-0.12491978668775715,0.5220674465930434,0.5859541426526597
427,-0.06998189488668675,1,-0.3693648410115938,-1.3555735383351195,-0.7962859910387481,-0.47454519624983954,-0.4736736092984604,-0.12491978668775715,0.5220674465930434,0.5859541426526597
428,-0.06609401183742639,0,0.8273772438659699,0.7376951317802901,-0.10463740114712752,-0.47454519624983954,-0.4736736092984604,-0.49237782784290063,0.5220674465930434,-0.6781745283001727
431,-0.054430362689645254,1,0.8273772438659699,-1.3555735383351195,-0.10463740114712752,0.4327933656785018,-0.4736736092984604,-0.32425318983493084,0.5220674465930434,0.5859541426526597
432,-0.05054247964038488,1,-0.3693648410115938,-1.3555735383351195,0.9712604053509489,0.4327933656785018,-0.4736736092984604,-0.12491978668775715,0.5220674465930434,0.5859541426526597
433,-0.0466545965911245,0,0.8273772438659699,0.7376951317802901,-0.9499856776813305,-0.47454519624983954,-0.4736736092984604,-0.5049620073345151,0.5220674465930434,0.5859541426526597
439,-0.02332729829556225,0,-0.3693648410115938,0.7376951317802901,0.12591212881674602,-0.47454519624983954,-0.4736736092984604,-0.43700743807979686,0.5220674465930434,0.5859541426526597
441,-0.015551532197041501,0,0.8273772438659699,0.7376951317802901,-0.719436147717457,-0.47454519624983954,-0.4736736092984604,-0.45714212526638004,0.5220674465930434,0.5859541426526597
442,-0.011663649147781126,0,0.8273772438659699,0.7376951317802901,-0.33518693111100106,0.4327933656785018,-0.4736736092984604,-0.4918744606632361,0.5220674465930434,0.5859541426526597
443,-0.0077757660985207505,1,-0.3693648410115938,-1.3555735383351195,-0.10463740114712752,-0.47454519624983954,-0.4736736092984604,-0.3866707201133388,0.5220674465930434,0.5859541426526597
444,-0.0038878830492603753,1,0.8273772438659699,0.7376951317802901,-0.10463740114712752,-0.47454519624983954,-0.4736736092984604,-0.48507900373776425,0.5220674465930434,0.5859541426526597
447,0.0077757660985207505,1,-1.5661069258891576,0.7376951317802901,0.35646165878061953,-0.47454519624983954,-0.4736736092984604,-0.11384570873513637,0.5220674465930434,0.5859541426526597
451,0.02332729829556225,0,0.8273772438659699,0.7376951317802901,-0.10463740114712752,0.4327933656785018,-0.4736736092984604,-0.2463983948905696,0.5220674465930434,0.5859541426526597
454,0.03499094744334338,0,0.8273772438659699,0.7376951317802901,-0.10463740114712752,-0.47454519624983954,-0.4736736092984604,-0.4863374216869257,0.5220674465930434,0.5859541426526597
455,0.03887883049260375,1,0.8273772438659699,0.7376951317802901,-0.027787557825836348,-0.47454519624983954,-0.4736736092984604,-0.4894421904510968,0.5220674465930434,-1.942303199253005
458,0.05054247964038488,1,-0.3693648410115938,-1.3555735383351195,1.5860591519212783,-0.47454519624983954,-0.4736736092984604,-0.43700743807979686,0.5220674465930434,0.5859541426526597
459,0.054430362689645254,0,0.8273772438659699,0.7376951317802901,-0.10463740114712752,-0.47454519624983954,-0.4736736092984604,-0.49237782784290063,0.5220674465930434,-0.6781745283001727
461,0.062206128788166004,0,0.8273772438659699,0.7376951317802901,0.35646165878061953,-0.47454519624983954,-0.4736736092984604,-0.4863374216869257,0.5220674465930434,0.5859541426526597
463,0.06998189488668675,0,-0.3693648410115938,0.7376951317802901,1.432359465278696,-0.47454519624983954,-0.4736736092984604,-0.3866707201133388,0.5220674465930434,0.5859541426526597
464,0.07386977793594714,0,0.8273772438659699,0.7376951317802901,-0.10463740114712752,-0.47454519624983954,-0.4736736092984604,-0.4863374216869257,0.5220674465930434,0.5859541426526597
465,0.0777576609852075,0,0.8273772438659699,0.7376951317802901,0.6638610320657843,-0.47454519624983954,-0.4736736092984604,-0.5064721088735089,0.5220674465930434,0.5859541426526597
466,0.08164554403446789,0,-0.3693648410115938,0.7376951317802901,-0.10463740114712752,-0.47454519624983954,-0.4736736092984604,-0.6484216535389205,0.5220674465930434,0.5859541426526597
468,0.08942131013298864,0,0.8273772438659699,0.7376951317802901,-0.10463740114712752,-0.47454519624983954,-0.4736736092984604,-0.4928811950225652,0.5220674465930434,-0.6781745283001727
470,0.09719707623150939,0,0.8273772438659699,0.7376951317802901,-0.10463740114712752,-0.47454519624983954,-0.4736736092984604,-0.5024451714361923,0.5220674465930434,0.5859541426526597
471,0.10108495928076976,0,0.8273772438659699,0.7376951317802901,0.6638610320657843,-0.47454519624983954,-0.4736736092984604,-0.47400492578514347,0.5220674465930434,0.5859541426526597
474,0.11274860842855089,0,0.8273772438659699,-1.3555735383351195,-0.5657364610748746,-0.47454519624983954,-0.4736736092984604,-0.45034666834090825,0.5220674465930434,0.5859541426526597
476,0.12052437452707164,0,-0.3693648410115938,0.7376951317802901,0.35646165878061953,0.4327933656785018,-0.4736736092984604,-0.22559322262067316,0.5220674465930434,0.5859541426526597
477,0.12441225757633201,0,0.8273772438659699,0.7376951317802901,-0.027787557825836348,0.4327933656785018,-0.4736736092984604,-0.5065566745596926,0.5220674465930434,0.5859541426526597
478,0.1283001406255924,0,0.8273772438659699,0.7376951317802901,-0.5657364610748746,-0.47454519624983954,-0.4736736092984604,-0.4969926981460655,0.5220674465930434,0.5859541426526597
481,0.1399637897733735,0,-0.3693648410115938,0.7376951317802901,-0.10463740114712752,-0.47454519624983954,-0.4736736092984604,-0.6484216535389205,0.5220674465930434,0.5859541426526597
482,0.1438516728226339,0,0.8273772438659699,0.7376951317802901,1.5860591519212783,-0.47454519624983954,-0.4736736092984604,-0.4863374216869257,0.5220674465930434,0.5859541426526597
488,0.16717897111819613,0,0.8273772438659699,0.7376951317802901,0.04906228549545483,-0.47454519624983954,-0.4736736092984604,-0.4863374216869257,0.5220674465930434,0.5859541426526597
490,0.1749547372167169,0,0.8273772438659699,0.7376951317802901,-0.10463740114712752,0.4327933656785018,-0.4736736092984604,-0.2463983948905696,0.5220674465930434,0.5859541426526597
491,0.17884262026597728,0,0.8273772438659699,0.7376951317802901,-0.6425863043961658,-0.47454519624983954,-0.4736736092984604,-0.5024451714361923,0.5220674465930434,0.5859541426526597
494,0.1905062694137584,0,0.8273772438659699,0.7376951317802901,-0.6425863043961658,-0.47454519624983954,-0.4736736092984604,-0.4863374216869257,0.5220674465930434,0.5859541426526597
495,0.19439415246301878,0,0.8273772438659699,0.7376951317802901,-0.10463740114712752,-0.47454519624983954,-0.4736736092984604,-0.3573083057891445,0.5220674465930434,-1.942303199253005
497,0.2021699185615395,0,0.8273772438659699,0.7376951317802901,-0.10463740114712752,-0.47454519624983954,-0.4736736092984604,-0.3443878770215141,0.5220674465930434,0.5859541426526597
499,0.20994568466006028,0,0.8273772438659699,0.7376951317802901,-0.41203677443229225,-0.47454519624983954,-0.4736736092984604,-0.49145565916975514,0.5220674465930434,0.5859541426526597
500,0.21383356770932066,0,0.8273772438659699,0.7376951317802901,-0.9499856776813305,-0.47454519624983954,-0.4736736092984604,-0.47400492578514347,0.5220674465930434,0.5859541426526597
501,0.21772145075858101,0,0.8273772438659699,-1.3555735383351195,-0.6425863043961658,-0.47454519624983954,-0.4736736092984604,-0.49237782784290063,0.5220674465930434,-0.6781745283001727
502,0.2216093338078414,0,0.8273772438659699,-1.3555735383351195,-0.10463740114712752,-0.47454519624983954,-0.4736736092984604,-0.4948100980550399,0.5220674465930434,-0.6781745283001727
503,0.22549721685710178,0,0.8273772438659699,-1.3555735383351195,0.5870111887444931,-0.47454519624983954,-0.4736736092984604,-0.455380340137554,0.5220674465930434,0.5859541426526597
507,0.24104874905414328,1,-1.5661069258891576,0.7376951317802901,-0.10463740114712752,-0.47454519624983954,-0.4736736092984604,-0.11384570873513637,0.5220674465930434,0.5859541426526597
508,0.24493663210340366,0,0.8273772438659699,0.7376951317802901,-0.10463740114712752,-0.47454519624983954,-0.4736736092984604,-0.1948878246611338,0.5220674465930434,0.5859541426526597
510,0.2527123982019244,1,0.8273772438659699,0.7376951317802901,-0.027787557825836348,-0.47454519624983954,-0.4736736092984604,-0.49237782784290063,0.5220674465930434,-0.6781745283001727
511,0.2566002812511848,0,0.8273772438659699,0.7376951317802901,-0.10463740114712752,-0.47454519624983954,-0.4736736092984604,-0.4863374216869257,0.5220674465930434,0.5859541426526597
514,0.2682639303989659,0,0.8273772438659699,0.7376951317802901,-0.41203677443229225,-0.47454519624983954,-0.4736736092984604,-0.4974960653257301,0.5220674465930434,0.5859541426526597
517,0.279927579546747,0,0.8273772438659699,0.7376951317802901,-0.10463740114712752,-0.47454519624983954,-0.4736736092984604,-0.1621689579829361,0.5220674465930434,-0.6781745283001727
518,0.28381546259600743,1,-0.3693648410115938,-1.3555735383351195,0.5101613454232019,0.4327933656785018,-0.4736736092984604,-0.12491978668775715,0.5220674465930434,0.5859541426526597
519,0.2877033456452678,0,0.8273772438659699,0.7376951317802901,0.20276197213803718,-0.47454519624983954,-0.4736736092984604,-0.4894421904510968,0.5220674465930434,0.5859541426526597
521,0.29547911174378855,0,0.8273772438659699,0.7376951317802901,-0.5657364610748746,-0.47454519624983954,-0.4736736092984604,-0.4894421904510968,0.5220674465930434,0.5859541426526597
522,0.2993669947930489,0,0.8273772438659699,0.7376951317802901,-0.10463740114712752,-0.47454519624983954,-0.4736736092984604,-0.5029485386158568,0.5220674465930434,-1.942303199253005
524,0.30714276089156967,0,0.8273772438659699,0.7376951317802901,-0.10463740114712752,-0.47454519624983954,-0.4736736092984604,-0.5028639729296732,0.5220674465930434,-1.942303199253005
525,0.31103064394083,0,0.8273772438659699,0.7376951317802901,0.8559856403690123,-0.47454519624983954,-0.4736736092984604,-0.49237782784290063,0.5220674465930434,-0.6781745283001727
526,0.31491852699009043,1,-0.3693648410115938,-1.3555735383351195,1.5860591519212783,-0.47454519624983954,-0.4736736092984604,-0.43700743807979686,0.5220674465930434,0.5859541426526597
528,0.32269429308861114,0,0.8273772438659699,0.7376951317802901,0.7407108753870755,-0.47454519624983954,-0.4736736092984604,-0.4888542575852486,0.5220674465930434,0.5859541426526597
531,0.33435794223639226,0,0.8273772438659699,0.7376951317802901,-0.10463740114712752,-0.47454519624983954,-0.4736736092984604,-0.5028639729296732,0.5220674465930434,-1.942303199253005
534,0.34602159138417343,0,0.8273772438659699,-1.3555735383351195,0.04906228549545483,-0.47454519624983954,-0.4736736092984604,-0.47400492578514347,0.5220674465930434,0.5859541426526597
538,0.3615731235812149,0,0.8273772438659699,0.7376951317802901,-0.10463740114712752,-0.47454519624983954,-0.4736736092984604,-0.35646868933346404,0.5220674465930434,0.5859541426526597
543,0.3810125388275168,1,-0.3693648410115938,0.7376951317802901,0.20276197213803718,0.4327933656785018,-0.4736736092984604,-0.12491978668775715,0.5220674465930434,0.5859541426526597
546,0.3926761879752979,1,-0.3693648410115938,-1.3555735383351195,-0.7962859910387481,0.4327933656785018,-0.4736736092984604,-0.12491978668775715,0.5220674465930434,0.5859541426526597
547,0.3965640710245583,1,-0.3693648410115938,0.7376951317802901,-0.10463740114712752,-0.47454519624983954,-0.4736736092984604,-0.3693045524149108,0.5220674465930434,-1.942303199253005
551,0.4121156032215998,0,-0.3693648410115938,0.7376951317802901,-0.1814872444684187,-0.47454519624983954,-0.4736736092984604,-0.12491978668775715,0.5220674465930434,0.5859541426526597
552,0.41600348627086015,0,0.8273772438659699,0.7376951317802901,-0.10463740114712752,-0.47454519624983954,-0.4736736092984604,-0.49078316061772326,0.5220674465930434,-0.6781745283001727
553,0.41989136932012056,1,0.8273772438659699,0.7376951317802901,-0.5657364610748746,-0.47454519624983954,-0.4736736092984604,-0.5029485386158568,0.5220674465930434,-1.942303199253005
554,0.4237792523693809,1,0.8273772438659699,-1.3555735383351195,-0.5657364610748746,-0.47454519624983954,-0.4736736092984604,-0.4918744606632361,0.5220674465930434,0.5859541426526597
559,0.4432186676156828,1,0.8273772438659699,-1.3555735383351195,0.5101613454232019,0.4327933656785018,-0.4736736092984604,-0.29807809649237277,0.5220674465930434,0.5859541426526597
560,0.44710655066494315,0,0.8273772438659699,0.7376951317802901,-0.10463740114712752,-0.47454519624983954,-0.4736736092984604,-0.49237782784290063,0.5220674465930434,-0.6781745283001727
561,0.45099443371420356,0,0.8273772438659699,0.7376951317802901,0.8175607187083667,-0.47454519624983954,-0.4736736092984604,-0.4894421904510968,0.5220674465930434,0.5859541426526597
562,0.4548823167634639,0,-0.3693648410115938,0.7376951317802901,-0.10463740114712752,-0.47454519624983954,-0.4736736092984604,-0.3766033765200472,0.5220674465930434,0.5859541426526597
563,0.4587701998127243,0,0.8273772438659699,0.7376951317802901,-0.10463740114712752,-0.47454519624983954,-0.4736736092984604,-0.4863374216869257,0.5220674465930434,0.5859541426526597
564,0.4626580828619847,0,0.8273772438659699,-1.3555735383351195,-0.10463740114712752,-0.47454519624983954,-0.4736736092984604,-0.4863374216869257,0.5220674465930434,0.5859541426526597
565,0.46654596591124503,0,0.8273772438659699,0.7376951317802901,-0.41203677443229225,1.340131927606843,-0.4736736092984604,-0.1621689579829361,0.5220674465930434,0.5859541426526597
566,0.47043384896050544,0,0.8273772438659699,0.7376951317802901,-0.7962859910387481,-0.47454519624983954,-0.4736736092984604,-0.4894421904510968,0.5220674465930434,0.5859541426526597
568,0.47820961505902615,0,0.8273772438659699,0.7376951317802901,-0.10463740114712752,-0.47454519624983954,-0.4736736092984604,-0.5028639729296732,0.5220674465930434,-1.942303199253005
569,0.48209749810828656,1,0.8273772438659699,0.7376951317802901,0.20276197213803718,-0.47454519624983954,-0.4736736092984604,-0.4902797934380587,0.5220674465930434,0.5859541426526597
573,0.49764903030532803,1,0.8273772438659699,-1.3555735383351195,-0.10463740114712752,-0.47454519624983954,-0.4736736092984604,-0.49237782784290063,0.5220674465930434,-0.6781745283001727
574,0.5015369133545884,0,0.8273772438659699,0.7376951317802901,-1.0268355210026217,-0.47454519624983954,-0.4736736092984604,-0.4863374216869257,0.5220674465930434,0.5859541426526597
575,0.5054247964038489,0,0.8273772438659699,0.7376951317802901,-0.7962859910387481,-0.47454519624983954,-0.4736736092984604,-0.35646868933346404,0.5220674465930434,0.5859541426526597
576,0.5093126794531092,1,-0.3693648410115938,-1.3555735383351195,0.35646165878061953,-0.47454519624983954,-0.4736736092984604,-0.3866707201133388,0.5220674465930434,0.5859541426526597
578,0.5170884455516299,0,0.8273772438659699,-1.3555735383351195,-0.10463740114712752,0.4327933656785018,-0.4736736092984604,-0.3573083057891445,0.5220674465930434,-1.942303199253005
579,0.5209763286008903,1,0.8273772438659699,0.7376951317802901,0.20276197213803718,-0.47454519624983954,-0.4736736092984604,-0.4888542575852486,0.5220674465930434,0.5859541426526597
582,0.5326399777486714,0,-0.3693648410115938,0.7376951317802901,1.893458525206443,-0.47454519624983954,-0.4736736092984604,-0.12491978668775715,0.5220674465930434,0.5859541426526597
584,0.5404157438471922,0,0.8273772438659699,0.7376951317802901,-0.10463740114712752,-0.47454519624983954,-0.4736736092984604,-0.47299819142581434,0.5220674465930434,-1.942303199253005
586,0.548191509945713,0,-0.3693648410115938,0.7376951317802901,1.3555096219574048,-0.47454519624983954,-0.4736736092984604,-0.3464013457401724,0.5220674465930434,0.5859541426526597
588,0.5559672760442337,0,0.8273772438659699,0.7376951317802901,-0.5657364610748746,-0.47454519624983954,-0.4736736092984604,-0.4863374216869257,0.5220674465930434,0.5859541426526597
589,0.559855159093494,0,0.8273772438659699,0.7376951317802901,-0.10463740114712752,-0.47454519624983954,-0.4736736092984604,-0.4863374216869257,0.5220674465930434,0.5859541426526597
590,0.5637430421427544,0,0.8273772438659699,0.7376951317802901,0.4333115021019107,-0.47454519624983954,-0.4736736092984604,-0.5049620073345151,0.5220674465930434,0.5859541426526597
592,0.5715188082412752,0,0.8273772438659699,0.7376951317802901,1.3555096219574048,-0.47454519624983954,-0.4736736092984604,-0.5024451714361923,0.5220674465930434,0.5859541426526597
594,0.5792945743397959,0,-0.3693648410115938,0.7376951317802901,0.5870111887444931,0.4327933656785018,-0.4736736092984604,-0.12491978668775715,0.5220674465930434,0.5859541426526597
596,0.5870703404383166,1,-0.3693648410115938,-1.3555735383351195,-0.10463740114712752,-0.47454519624983954,-0.4736736092984604,0.016023023618325298,0.5220674465930434,0.5859541426526597
597,0.5909582234875771,0,0.8273772438659699,0.7376951317802901,1.5092093085999871,-0.47454519624983954,-0.4736736092984604,-0.6484216535389205,0.5220674465930434,0.5859541426526597
598,0.5948461065368374,0,0.8273772438659699,0.7376951317802901,-0.10463740114712752,-0.47454519624983954,-0.4736736092984604,-0.5029485386158568,0.5220674465930434,-1.942303199253005
601,0.6065097556846185,0,0.8273772438659699,0.7376951317802901,-0.10463740114712752,-0.47454519624983954,-0.4736736092984604,-0.4894421904510968,0.5220674465930434,0.5859541426526597
602,0.610397638733879,0,-1.5661069258891576,0.7376951317802901,-0.10463740114712752,-0.47454519624983954,-0.4736736092984604,0.2052890831722074,0.5220674465930434,0.5859541426526597
603,0.6142855217831393,0,0.8273772438659699,0.7376951317802901,1.1249600919935314,-0.47454519624983954,-0.4736736092984604,-0.4863374216869257,0.5220674465930434,0.5859541426526597
604,0.6181734048323997,1,-1.5661069258891576,0.7376951317802901,0.4333115021019107,-0.47454519624983954,-0.4736736092984604,-0.11384570873513637,0.5220674465930434,-1.942303199253005
605,0.62206128788166,0,0.8273772438659699,0.7376951317802901,0.5101613454232019,0.4327933656785018,-0.4736736092984604,-0.3353272677875516,0.5220674465930434,0.5859541426526597
606,0.6259491709309204,0,0.8273772438659699,0.7376951317802901,0.04906228549545483,-0.47454519624983954,-0.4736736092984604,-0.4894421904510968,0.5220674465930434,0.5859541426526597
607,0.6298370539801809,1,-1.5661069258891576,0.7376951317802901,-0.1814872444684187,-0.47454519624983954,-0.4736736092984604,-0.034313694348132716,0.5220674465930434,0.5859541426526597
611,0.6453885861772223,0,0.8273772438659699,0.7376951317802901,-0.10463740114712752,-0.47454519624983954,-0.4736736092984604,-0.5064721088735089,0.5220674465930434,0.5859541426526597
612,0.6492764692264827,1,0.8273772438659699,-1.3555735383351195,-0.10463740114712752,0.4327933656785018,-0.4736736092984604,-0.3363340021468808,0.5220674465930434,-0.6781745283001727
613,0.6531643522757431,0,0.8273772438659699,0.7376951317802901,-0.10463740114712752,-0.47454519624983954,-0.4736736092984604,-0.49237782784290063,0.5220674465930434,-0.6781745283001727
614,0.6570522353250035,0,0.8273772438659699,0.7376951317802901,0.4333115021019107,-0.47454519624983954,-0.4736736092984604,-0.4863374216869257,0.5220674465930434,0.5859541426526597
617,0.6687158844727845,0,0.8273772438659699,-1.3555735383351195,-0.2583370877897099,0.4327933656785018,-0.4736736092984604,-0.32425318983493084,0.5220674465930434,0.5859541426526597
619,0.6764916505713053,0,-0.3693648410115938,0.7376951317802901,-0.2583370877897099,-0.47454519624983954,-0.4736736092984604,-0.43700743807979686,0.5220674465930434,0.5859541426526597
620,0.6803795336205657,0,0.8273772438659699,0.7376951317802901,-0.1814872444684187,0.4327933656785018,-0.4736736092984604,-0.3573908580066095,0.5220674465930434,-1.942303199253005
623,0.6920431827683469,0,0.8273772438659699,0.7376951317802901,-0.6425863043961658,-0.47454519624983954,-0.4736736092984604,-0.4902797934380587,0.5220674465930434,0.5859541426526597
624,0.6959310658176072,0,0.8273772438659699,0.7376951317802901,-0.6425863043961658,-0.47454519624983954,-0.4736736092984604,-0.32425318983493084,0.5220674465930434,0.5859541426526597
628,0.7114825980146487,0,0.8273772438659699,0.7376951317802901,-0.2583370877897099,-0.47454519624983954,-0.4736736092984604,-0.4894421904510968,0.5220674465930434,0.5859541426526597
629,0.7153704810639091,0,0.8273772438659699,0.7376951317802901,-0.10463740114712752,-0.47454519624983954,-0.4736736092984604,-0.49271407711891657,0.5220674465930434,-0.6781745283001727
631,0.7231462471624298,0,0.8273772438659699,0.7376951317802901,1.6629089952425695,-0.47454519624983954,-0.4736736092984604,-0.5063875431873253,0.5220674465930434,0.5859541426526597
633,0.7309220132609505,0,-1.5661069258891576,0.7376951317802901,-0.10463740114712752,-0.47454519624983954,-0.4736736092984604,-0.6484216535389205,0.5220674465930434,0.5859541426526597
635,0.7386977793594713,1,-0.3693648410115938,-1.3555735383351195,-0.10463740114712752,-0.47454519624983954,-0.4736736092984604,-0.3866707201133388,0.5220674465930434,0.5859541426526597
636,0.7425856624087317,0,0.8273772438659699,0.7376951317802901,0.20276197213803718,-0.47454519624983954,-0.4736736092984604,-0.4888542575852486,0.5220674465930434,0.5859541426526597
639,0.7542493115565129,0,0.8273772438659699,0.7376951317802901,-0.10463740114712752,0.4327933656785018,-0.4736736092984604,-0.32425318983493084,0.5220674465930434,0.5859541426526597
640,0.7581371946057732,0,0.8273772438659699,0.7376951317802901,-0.719436147717457,-0.47454519624983954,-0.4736736092984604,-0.4902797934380587,0.5220674465930434,0.5859541426526597
646,0.7814644929013355,0,0.8273772438659699,0.7376951317802901,-0.7962859910387481,-0.47454519624983954,-0.4736736092984604,-0.4894421904510968,0.5220674465930434,0.5859541426526597
648,0.7892402589998562,0,0.8273772438659699,0.7376951317802901,-0.10463740114712752,-0.47454519624983954,-0.4736736092984604,-0.49640476528021726,0.5220674465930434,0.5859541426526597
649,0.7931281420491166,1,0.8273772438659699,-1.3555735383351195,-0.48888661775358344,-0.47454519624983954,-0.4736736092984604,-0.49640476528021726,0.5220674465930434,0.5859541426526597
650,0.797016025098377,0,0.8273772438659699,0.7376951317802901,-0.10463740114712752,-0.47454519624983954,-0.4736736092984604,-0.4894421904510968,0.5220674465930434,0.5859541426526597
652,0.8047917911968977,0,0.8273772438659699,0.7376951317802901,-0.6425863043961658,-0.47454519624983954,-0.4736736092984604,-0.47861979608830835,0.5220674465930434,0.5859541426526597
653,0.808679674246158,1,0.8273772438659699,-1.3555735383351195,-0.10463740114712752,-0.47454519624983954,-0.4736736092984604,-0.49078316061772326,0.5220674465930434,-0.6781745283001727
654,0.8125675572954184,0,0.8273772438659699,-1.3555735383351195,-0.8731358343600393,-0.47454519624983954,-0.4736736092984604,-0.5125125150294839,0.5220674465930434,-0.6781745283001727
656,0.8203433233939392,0,0.8273772438659699,0.7376951317802901,-0.10463740114712752,-0.47454519624983954,-0.4736736092984604,-0.4894421904510968,0.5220674465930434,0.5859541426526597
658,0.8281190894924599,0,-0.3693648410115938,0.7376951317802901,-0.48888661775358344,-0.47454519624983954,-0.4736736092984604,-0.3866707201133388,0.5220674465930434,0.5859541426526597
661,0.8397827386402411,0,0.8273772438659699,0.7376951317802901,0.8175607187083667,-0.47454519624983954,-0.4736736092984604,-0.5029485386158568,0.5220674465930434,-1.942303199253005
663,0.8475585047387618,0,0.8273772438659699,0.7376951317802901,0.5101613454232019,-0.47454519624983954,-0.4736736092984604,-0.4974960653257301,0.5220674465930434,0.5859541426526597
664,0.8514463877880222,1,0.8273772438659699,0.7376951317802901,-0.719436147717457,0.4327933656785018,-0.4736736092984604,-0.4888542575852486,0.5220674465930434,0.5859541426526597
666,0.859222153886543,0,-0.3693648410115938,0.7376951317802901,-0.33518693111100106,-0.47454519624983954,-0.4736736092984604,-0.3866707201133388,0.5220674465930434,0.5859541426526597
667,0.8631100369358033,0,0.8273772438659699,0.7376951317802901,-0.10463740114712752,-0.47454519624983954,-0.4736736092984604,-0.4918744606632361,0.5220674465930434,0.5859541426526597
668,0.8669979199850637,0,0.8273772438659699,0.7376951317802901,1.0481102486722402,-0.47454519624983954,-0.4736736092984604,-0.4863374216869257,0.5220674465930434,0.5859541426526597
673,0.8864373352313656,1,-0.3693648410115938,0.7376951317802901,0.12591212881674602,-0.47454519624983954,-0.4736736092984604,-0.3866707201133388,0.5220674465930434,0.5859541426526597
674,0.8903252182806259,0,-0.3693648410115938,0.7376951317802901,-0.10463740114712752,-0.47454519624983954,-0.4736736092984604,-0.6484216535389205,0.5220674465930434,0.5859541426526597
675,0.8942131013298863,0,0.8273772438659699,0.7376951317802901,-0.8731358343600393,-0.47454519624983954,-0.4736736092984604,-0.4918744606632361,0.5220674465930434,0.5859541426526597
676,0.8981009843791468,0,0.8273772438659699,0.7376951317802901,-0.37361185277164666,-0.47454519624983954,-0.4736736092984604,-0.4863374216869257,0.5220674465930434,0.5859541426526597
677,0.9019888674284071,1,0.8273772438659699,-1.3555735383351195,-0.8731358343600393,-0.47454519624983954,-0.4736736092984604,-0.45026210265472455,0.5220674465930434,0.5859541426526597
680,0.9136525165761882,0,0.8273772438659699,-1.3555735383351195,-0.10463740114712752,-0.47454519624983954,-0.4736736092984604,-0.48457563655809965,0.5220674465930434,-0.6781745283001727
682,0.921428282674709,0,0.8273772438659699,0.7376951317802901,-0.719436147717457,-0.47454519624983954,-0.4736736092984604,-0.4626791642426904,0.5220674465930434,0.5859541426526597
687,0.9408676979210109,0,0.8273772438659699,0.7376951317802901,-0.7962859910387481,-0.47454519624983954,-0.4736736092984604,-0.44363577710162005,0.5220674465930434,0.5859541426526597
688,0.9447555809702712,0,0.8273772438659699,0.7376951317802901,-0.8731358343600393,-0.47454519624983954,-0.4736736092984604,-0.49145565916975514,0.5220674465930434,0.5859541426526597
693,0.9641949962165731,0,0.8273772438659699,0.7376951317802901,-0.33518693111100106,-0.47454519624983954,-0.4736736092984604,-0.5029485386158568,0.5220674465930434,-1.942303199253005
695,0.9719707623150938,0,-0.3693648410115938,0.7376951317802901,1.7397588385638607,-0.47454519624983954,-0.4736736092984604,-0.3766033765200472,0.5220674465930434,0.5859541426526597
696,0.9758586453643542,0,0.8273772438659699,0.7376951317802901,1.1249600919935314,-0.47454519624983954,-0.4736736092984604,-0.4863374216869257,0.5220674465930434,0.5859541426526597
697,0.9797465284136146,1,0.8273772438659699,-1.3555735383351195,-0.10463740114712752,-0.47454519624983954,-0.4736736092984604,-0.49271407711891657,0.5220674465930434,-0.6781745283001727
703,1.0030738267091768,0,0.8273772438659699,0.7376951317802901,-0.33518693111100106,-0.47454519624983954,-0.4736736092984604,-0.4925449457465493,0.5220674465930434,-0.6781745283001727
704,1.0069617097584371,0,0.8273772438659699,0.7376951317802901,-0.2583370877897099,0.4327933656785018,-0.4736736092984604,-0.4902797934380587,0.5220674465930434,0.5859541426526597
705,1.0108495928076977,0,-0.3693648410115938,0.7376951317802901,0.7407108753870755,-0.47454519624983954,-0.4736736092984604,-0.12491978668775715,0.5220674465930434,0.5859541426526597
706,1.014737475856958,1,-0.3693648410115938,-1.3555735383351195,1.2018099353148226,-0.47454519624983954,-0.4736736092984604,-0.3766033765200472,0.5220674465930434,0.5859541426526597
713,1.0419526572017805,0,0.8273772438659699,0.7376951317802901,-0.027787557825836348,-0.47454519624983954,-0.4736736092984604,-0.457478374542396,0.5220674465930434,0.5859541426526597
714,1.045840540251041,0,-0.3693648410115938,0.7376951317802901,1.7397588385638607,-0.47454519624983954,-0.4736736092984604,-0.3866707201133388,0.5220674465930434,0.5859541426526597
718,1.0613920724480825,0,0.8273772438659699,0.7376951317802901,-0.10463740114712752,-0.47454519624983954,-0.4736736092984604,-0.3363340021468808,0.5220674465930434,-0.6781745283001727
719,1.065279955497343,0,0.8273772438659699,0.7376951317802901,0.27961181545932834,-0.47454519624983954,-0.4736736092984604,-0.4918744606632361,0.5220674465930434,0.5859541426526597
721,1.0730557215958636,0,0.8273772438659699,0.7376951317802901,-0.9499856776813305,0.4327933656785018,-0.4736736092984604,-0.5063875431873253,0.5220674465930434,0.5859541426526597
722,1.076943604645124,0,-0.3693648410115938,0.7376951317802901,0.35646165878061953,-0.47454519624983954,-0.4736736092984604,-0.3866707201133388,0.5220674465930434,0.5859541426526597
723,1.0808314876943843,0,-0.3693648410115938,0.7376951317802901,1.5860591519212783,-0.47454519624983954,-0.4736736092984604,-0.3866707201133388,0.5220674465930434,0.5859541426526597
725,1.088607253792905,0,0.8273772438659699,0.7376951317802901,-0.719436147717457,-0.47454519624983954,-0.4736736092984604,-0.47400492578514347,0.5220674465930434,0.5859541426526597
727,1.096383019891426,1,0.8273772438659699,-1.3555735383351195,-0.10463740114712752,-0.47454519624983954,-0.4736736092984604,-0.4926295114327329,0.5220674465930434,-0.6781745283001727
728,1.1002709029406863,0,-0.3693648410115938,0.7376951317802901,-0.33518693111100106,0.4327933656785018,-0.4736736092984604,-0.12491978668775715,0.5220674465930434,0.5859541426526597
729,1.1041587859899467,0,0.8273772438659699,-1.3555735383351195,-0.33518693111100106,0.4327933656785018,-0.4736736092984604,-0.4888542575852486,0.5220674465930434,0.5859541426526597
731,1.1119345520884674,0,0.8273772438659699,0.7376951317802901,-1.4110847376090776,-0.47454519624983954,-0.4736736092984604,-0.2701412180209885,0.5220674465930434,-1.942303199253005
732,1.1158224351377277,0,-0.3693648410115938,0.7376951317802901,-0.10463740114712752,-0.47454519624983954,-0.4736736092984604,-0.6484216535389205,0.5220674465930434,0.5859541426526597
733,1.119710318186988,0,-0.3693648410115938,0.7376951317802901,-0.48888661775358344,-0.47454519624983954,-0.4736736092984604,-0.3866707201133388,0.5220674465930434,0.5859541426526597
734,1.1235982012362484,0,-0.3693648410115938,0.7376951317802901,-0.48888661775358344,-0.47454519624983954,-0.4736736092984604,-0.3866707201133388,0.5220674465930434,0.5859541426526597
735,1.1274860842855088,0,0.8273772438659699,0.7376951317802901,-0.06621247948648194,-0.47454519624983954,-0.4736736092984604,-0.32425318983493084,0.5220674465930434,0.5859541426526597
738,1.13914973343329,0,0.8273772438659699,0.7376951317802901,-0.10463740114712752,-0.47454519624983954,-0.4736736092984604,-0.4894421904510968,0.5220674465930434,0.5859541426526597
739,1.1430376164825504,0,0.8273772438659699,0.7376951317802901,-0.10463740114712752,-0.47454519624983954,-0.4736736092984604,-0.4894421904510968,0.5220674465930434,0.5859541426526597
743,1.1585891486795918,0,0.8273772438659699,0.7376951317802901,-0.41203677443229225,0.4327933656785018,-0.4736736092984604,-0.32425318983493084,0.5220674465930434,0.5859541426526597
744,1.1624770317288522,1,0.8273772438659699,0.7376951317802901,0.12591212881674602,-0.47454519624983954,-0.4736736092984604,-0.4888542575852486,0.5220674465930434,0.5859541426526597
747,1.1741406808766333,1,-0.3693648410115938,-1.3555735383351195,0.04906228549545483,-0.47454519624983954,-0.4736736092984604,-0.3866707201133388,0.5220674465930434,0.5859541426526597
749,1.1819164469751542,0,0.8273772438659699,0.7376951317802901,0.12591212881674602,-0.47454519624983954,-0.4736736092984604,-0.49237782784290063,0.5220674465930434,-0.6781745283001727
752,1.1935800961229353,0,0.8273772438659699,0.7376951317802901,0.27961181545932834,-0.47454519624983954,-0.4736736092984604,-0.45714212526638004,0.5220674465930434,0.5859541426526597
753,1.1974679791721956,0,0.8273772438659699,0.7376951317802901,-0.48888661775358344,-0.47454519624983954,-0.4736736092984604,-0.4894421904510968,0.5220674465930434,0.5859541426526597
756,1.2091316283199767,0,0.8273772438659699,0.7376951317802901,-0.10463740114712752,-0.47454519624983954,-0.4736736092984604,-0.49145565916975514,0.5220674465930434,0.5859541426526597
757,1.213019511369237,0,-0.3693648410115938,0.7376951317802901,-0.8731358343600393,-0.47454519624983954,-0.4736736092984604,-0.41687275089321363,0.5220674465930434,0.5859541426526597
758,1.2169073944184976,0,0.8273772438659699,0.7376951317802901,0.35646165878061953,-0.47454519624983954,-0.4736736092984604,-0.4863374216869257,0.5220674465930434,0.5859541426526597
760,1.2246831605170183,0,0.8273772438659699,0.7376951317802901,-0.10463740114712752,-0.47454519624983954,-0.4736736092984604,-0.35646868933346404,0.5220674465930434,0.5859541426526597
761,1.2285710435662787,0,0.8273772438659699,0.7376951317802901,0.8944105620296577,-0.47454519624983954,-0.4736736092984604,-0.5049620073345151,0.5220674465930434,0.5859541426526597
762,1.232458926615539,1,0.8273772438659699,0.7376951317802901,-0.719436147717457,-0.47454519624983954,-0.4736736092984604,-0.5028639729296732,0.5220674465930434,-1.942303199253005
764,1.2402346927140597,0,0.8273772438659699,0.7376951317802901,-1.0268355210026217,-0.47454519624983954,-0.4736736092984604,-0.4918744606632361,0.5220674465930434,0.5859541426526597
766,1.2480104588125804,0,-1.5661069258891576,0.7376951317802901,-0.10463740114712752,-0.47454519624983954,-0.4736736092984604,0.1489119590497745,0.5220674465930434,-1.942303199253005
767,1.2518983418618408,0,0.8273772438659699,-1.3555735383351195,0.08748720715610042,-0.47454519624983954,-0.4736736092984604,-0.49237782784290063,0.5220674465930434,-0.6781745283001727
768,1.2557862249111011,0,0.8273772438659699,0.7376951317802901,-0.10463740114712752,0.4327933656785018,-0.4736736092984604,-0.1621689579829361,0.5220674465930434,-0.6781745283001727
769,1.2596741079603617,0,0.8273772438659699,0.7376951317802901,0.20276197213803718,-0.47454519624983954,-0.4736736092984604,-0.4800453319411184,0.5220674465930434,0.5859541426526597
770,1.263561991009622,0,0.8273772438659699,0.7376951317802901,-0.41203677443229225,-0.47454519624983954,-0.4736736092984604,-0.45714212526638004,0.5220674465930434,0.5859541426526597
771,1.2674498740588824,0,0.8273772438659699,0.7376951317802901,1.432359465278696,-0.47454519624983954,-0.4736736092984604,-0.4902797934380587,0.5220674465930434,0.5859541426526597
773,1.2752256401574031,0,0.8273772438659699,0.7376951317802901,-0.10463740114712752,-0.47454519624983954,-0.4736736092984604,-0.5029485386158568,0.5220674465930434,-1.942303199253005
775,1.2830014062559238,0,0.8273772438659699,0.7376951317802901,-0.8731358343600393,-0.47454519624983954,-0.4736736092984604,-0.49237782784290063,0.5220674465930434,0.5859541426526597
777,1.2907771723544446,1,0.8273772438659699,-1.3555735383351195,-1.8721837975368247,-0.47454519624983954,-0.4736736092984604,-0.397241430886295,0.5220674465930434,0.5859541426526597
778,1.294665055403705,0,0.8273772438659699,0.7376951317802901,-0.10463740114712752,-0.47454519624983954,-0.4736736092984604,-0.4926295114327329,0.5220674465930434,-0.6781745283001727
780,1.3024408215022258,1,0.8273772438659699,-1.3555735383351195,-1.2573850509664952,-0.47454519624983954,-0.4736736092984604,-0.5028639729296732,0.5220674465930434,-1.942303199253005
784,1.3179923536992673,0,0.8273772438659699,0.7376951317802901,-0.33518693111100106,-0.47454519624983954,-0.4736736092984604,-0.5064721088735089,0.5220674465930434,0.5859541426526597
785,1.3218802367485276,0,0.8273772438659699,0.7376951317802901,-0.33518693111100106,-0.47454519624983954,-0.4736736092984604,-0.5024451714361923,0.5220674465930434,0.5859541426526597
786,1.325768119797788,1,0.8273772438659699,-1.3555735383351195,-0.8731358343600393,-0.47454519624983954,-0.4736736092984604,-0.4974960653257301,0.5220674465930434,0.5859541426526597
790,1.3413196519948296,0,0.8273772438659699,0.7376951317802901,-0.10463740114712752,-0.47454519624983954,-0.4736736092984604,-0.49237782784290063,0.5220674465930434,-0.6781745283001727
791,1.34520753504409,0,-0.3693648410115938,0.7376951317802901,-1.0268355210026217,-0.47454519624983954,-0.4736736092984604,-0.12491978668775715,0.5220674465930434,0.5859541426526597
793,1.3529833011426107,0,-1.5661069258891576,0.7376951317802901,-0.10463740114712752,-0.47454519624983954,-0.4736736092984604,-0.030371322596999754,0.5220674465930434,-1.942303199253005
794,1.356871184191871,0,0.8273772438659699,0.7376951317802901,-0.33518693111100106,-0.47454519624983954,-0.4736736092984604,-0.4894421904510968,0.5220674465930434,0.5859541426526597
795,1.3607590672411314,0,-0.3693648410115938,0.7376951317802901,0.7407108753870755,-0.47454519624983954,-0.4736736092984604,-0.3866707201133388,0.5220674465930434,0.5859541426526597
797,1.368534833339652,1,0.8273772438659699,-1.3555735383351195,0.12591212881674602,-0.47454519624983954,-0.4736736092984604,-0.4735861242916626,0.5220674465930434,0.5859541426526597
798,1.3724227163889124,0,0.8273772438659699,0.7376951317802901,0.04906228549545483,-0.47454519624983954,-0.4736736092984604,-0.5028639729296732,0.5220674465930434,-1.942303199253005
800,1.3801984824874334,0,-0.3693648410115938,0.7376951317802901,0.35646165878061953,-0.47454519624983954,-0.4736736092984604,-0.3866707201133388,0.5220674465930434,0.5859541426526597
804,1.3957500146844748,1,0.8273772438659699,0.7376951317802901,-0.1814872444684187,-0.47454519624983954,-0.4736736092984604,-0.5079822104125026,0.5220674465930434,0.5859541426526597
805,1.3996378977337351,0,0.8273772438659699,0.7376951317802901,0.12591212881674602,-0.47454519624983954,-0.4736736092984604,-0.4918744606632361,0.5220674465930434,0.5859541426526597
807,1.4074136638322559,0,0.8273772438659699,-1.3555735383351195,-0.8731358343600393,-0.47454519624983954,-0.4736736092984604,-0.4918744606632361,0.5220674465930434,0.5859541426526597
808,1.4113015468815162,0,-0.3693648410115938,0.7376951317802901,0.7407108753870755,-0.47454519624983954,-0.4736736092984604,-0.3866707201133388,0.5220674465930434,0.5859541426526597
810,1.419077312980037,0,0.8273772438659699,0.7376951317802901,-0.2583370877897099,-0.47454519624983954,-0.4736736092984604,-0.4896093083547455,0.5220674465930434,0.5859541426526597
811,1.4229651960292975,0,0.8273772438659699,0.7376951317802901,0.7407108753870755,-0.47454519624983954,-0.4736736092984604,-0.1621689579829361,0.5220674465930434,0.5859541426526597
812,1.4268530790785579,0,-0.3693648410115938,0.7376951317802901,0.4333115021019107,-0.47454519624983954,-0.4736736092984604,-0.43700743807979686,0.5220674465930434,0.5859541426526597
814,1.4346288451770786,0,0.8273772438659699,0.7376951317802901,0.08748720715610042,-0.47454519624983954,-0.4736736092984604,-0.4863374216869257,0.5220674465930434,0.5859541426526597
816,1.4424046112755993,0,0.8273772438659699,-1.3555735383351195,-0.48888661775358344,-0.47454519624983954,-0.4736736092984604,-0.4888542575852486,0.5220674465930434,0.5859541426526597
818,1.45018037737412,0,0.8273772438659699,0.7376951317802901,1.0481102486722402,-0.47454519624983954,-0.4736736092984604,-0.5185529211854588,0.5220674465930434,0.5859541426526597
821,1.461844026521901,1,0.8273772438659699,0.7376951317802901,-0.1814872444684187,-0.47454519624983954,-0.4736736092984604,-0.47400492578514347,0.5220674465930434,0.5859541426526597
822,1.4657319095711616,0,-1.5661069258891576,0.7376951317802901,0.6638610320657843,-0.47454519624983954,-0.4736736092984604,-0.6484216535389205,0.5220674465930434,0.5859541426526597
825,1.4773955587189427,0,0.8273772438659699,0.7376951317802901,-0.10463740114712752,-0.47454519624983954,-0.4736736092984604,-0.5084855775921673,0.5220674465930434,-0.6781745283001727
828,1.4890592078667237,1,0.8273772438659699,0.7376951317802901,-0.10463740114712752,-0.47454519624983954,-0.4736736092984604,-0.49237782784290063,0.5220674465930434,-0.6781745283001727
830,1.4968349739652445,1,0.8273772438659699,-1.3555735383351195,-1.1036853643239128,0.4327933656785018,-0.4736736092984604,-0.3573908580066095,0.5220674465930434,-1.942303199253005
832,1.5046107400637654,0,0.8273772438659699,0.7376951317802901,-0.10463740114712752,-0.47454519624983954,-0.4736736092984604,-0.5028639729296732,0.5220674465930434,-1.942303199253005
833,1.5084986231130257,0,0.8273772438659699,0.7376951317802901,-0.48888661775358344,-0.47454519624983954,-0.4736736092984604,-0.4902797934380587,0.5220674465930434,0.5859541426526597
834,1.512386506162286,0,0.8273772438659699,0.7376951317802901,-0.8731358343600393,-0.47454519624983954,-0.4736736092984604,-0.48130374989027985,0.5220674465930434,0.5859541426526597
836,1.5201622722608068,0,0.8273772438659699,0.7376951317802901,-0.6425863043961658,-0.47454519624983954,-0.4736736092984604,-0.47400492578514347,0.5220674465930434,0.5859541426526597
837,1.5240501553100672,0,0.8273772438659699,0.7376951317802901,-0.10463740114712752,-0.47454519624983954,-0.4736736092984604,-0.4863374216869257,0.5220674465930434,0.5859541426526597
840,1.5357138044578482,0,0.8273772438659699,0.7376951317802901,-0.719436147717457,-0.47454519624983954,-0.4736736092984604,-0.4888542575852486,0.5220674465930434,0.5859541426526597
841,1.5396016875071086,0,-0.3693648410115938,0.7376951317802901,-1.0268355210026217,-0.47454519624983954,-0.4736736092984604,-0.43700743807979686,0.5220674465930434,0.5859541426526597
842,1.543489570556369,1,-1.5661069258891576,-1.3555735383351195,0.04906228549545483,-0.47454519624983954,-0.4736736092984604,-0.024246350754841113,0.5220674465930434,-1.942303199253005
843,1.5473774536056295,0,0.8273772438659699,0.7376951317802901,0.3948865804412651,-0.47454519624983954,-0.4736736092984604,-0.5188046047752911,0.5220674465930434,-1.942303199253005
844,1.5512653366548899,0,0.8273772438659699,0.7376951317802901,-0.9499856776813305,-0.47454519624983954,-0.4736736092984604,-0.47400492578514347,0.5220674465930434,0.5859541426526597
845,1.5551532197041502,0,0.8273772438659699,0.7376951317802901,0.9712604053509489,-0.47454519624983954,-0.4736736092984604,-0.49640476528021726,0.5220674465930434,0.5859541426526597
847,1.562928985802671,0,0.8273772438659699,0.7376951317802901,0.4333115021019107,-0.47454519624983954,-0.4736736092984604,-0.4894421904510968,0.5220674465930434,-1.942303199253005
854,1.5901441671474936,0,-0.3693648410115938,-1.3555735383351195,1.1249600919935314,0.4327933656785018,-0.4736736092984604,-0.12491978668775715,0.5220674465930434,0.5859541426526597
859,1.6095835823937954,0,0.8273772438659699,0.7376951317802901,-0.10463740114712752,-0.47454519624983954,-0.4736736092984604,-0.5028639729296732,0.5220674465930434,-1.942303199253005
860,1.6134714654430558,0,0.8273772438659699,0.7376951317802901,0.8944105620296577,1.340131927606843,-0.4736736092984604,-0.36435544630444866,0.5220674465930434,0.5859541426526597
861,1.617359348492316,0,-0.3693648410115938,0.7376951317802901,-0.6425863043961658,0.4327933656785018,-0.4736736092984604,-0.41687275089321363,0.5220674465930434,0.5859541426526597
864,1.6290229976400974,0,-0.3693648410115938,0.7376951317802901,-0.41203677443229225,-0.47454519624983954,-0.4736736092984604,-0.3866707201133388,0.5220674465930434,0.5859541426526597
865,1.6329108806893577,1,-0.3693648410115938,-1.3555735383351195,0.9712604053509489,-0.47454519624983954,-0.4736736092984604,-0.3866707201133388,0.5220674465930434,0.5859541426526597
866,1.636798763738618,1,-0.3693648410115938,-1.3555735383351195,-0.1814872444684187,0.4327933656785018,-0.4736736092984604,-0.3693891181010945,0.5220674465930434,-1.942303199253005
868,1.6445745298371388,0,0.8273772438659699,0.7376951317802901,-0.10463740114712752,-0.47454519624983954,-0.4736736092984604,-0.45714212526638004,0.5220674465930434,0.5859541426526597
870,1.6523502959356595,0,0.8273772438659699,0.7376951317802901,-0.2583370877897099,-0.47454519624983954,-0.4736736092984604,-0.4894421904510968,0.5220674465930434,0.5859541426526597
873,1.6640139450834406,0,0.8273772438659699,0.7376951317802901,1.3555096219574048,-0.47454519624983954,-0.4736736092984604,-0.46720946885967163,0.5220674465930434,0.5859541426526597
874,1.667901828132701,1,-0.3693648410115938,-1.3555735383351195,-0.10463740114712752,0.4327933656785018,-0.4736736092984604,-0.16518916106092355,0.5220674465930434,-1.942303199253005
875,1.6717897111819615,1,0.8273772438659699,-1.3555735383351195,-1.1036853643239128,-0.47454519624983954,-0.4736736092984604,-0.5029485386158568,0.5220674465930434,-1.942303199253005
876,1.6756775942312219,0,0.8273772438659699,0.7376951317802901,-0.719436147717457,-0.47454519624983954,-0.4736736092984604,-0.45017955043725955,0.5220674465930434,0.5859541426526597
877,1.6795654772804822,0,0.8273772438659699,0.7376951317802901,-0.7962859910387481,-0.47454519624983954,-0.4736736092984604,-0.4894421904510968,0.5220674465930434,0.5859541426526597
878,1.6834533603297426,0,0.8273772438659699,0.7376951317802901,-0.10463740114712752,-0.47454519624983954,-0.4736736092984604,-0.4894421904510968,0.5220674465930434,0.5859541426526597
881,1.6951170094775236,0,0.8273772438659699,0.7376951317802901,0.27961181545932834,-0.47454519624983954,-0.4736736092984604,-0.4894421904510968,0.5220674465930434,0.5859541426526597
882,1.699004892526784,0,0.8273772438659699,-1.3555735383351195,-0.5657364610748746,-0.47454519624983954,-0.4736736092984604,-0.4366711888037809,0.5220674465930434,0.5859541426526597
883,1.7028927755760443,0,-0.3693648410115938,0.7376951317802901,-0.10463740114712752,-0.47454519624983954,-0.4736736092984604,-0.43700743807979686,0.5220674465930434,0.5859541426526597
884,1.7067806586253047,0,0.8273772438659699,0.7376951317802901,-0.33518693111100106,-0.47454519624983954,-0.4736736092984604,-0.5064721088735089,0.5220674465930434,0.5859541426526597
886,1.7145564247238256,0,-0.3693648410115938,0.7376951317802901,-0.1814872444684187,-0.47454519624983954,-0.4736736092984604,-0.3866707201133388,0.5220674465930434,0.5859541426526597
890,1.730107956920867,0,0.8273772438659699,0.7376951317802901,0.20276197213803718,-0.47454519624983954,-0.4736736092984604,-0.49237782784290063,0.5220674465930434,-0.6781745283001727
